,second,Volt,Volt.1
0,-0.0001,0.0201005023,0.0683417078
1,-9.99e-05,0.0402010046,0.0683417078
2,-9.98e-05,0.0201005023,0.0683417078
3,-9.97e-05,0.0603015069,0.0643216074
4,-9.96e-05,0.0402010046,0.0683417078
5,-9.95e-05,0.0603015069,0.0683417078
6,-9.94e-05,0.0603015069,0.0683417078
7,-9.93e-05,0.0603015069,0.0723618083
8,-9.92e-05,0.0804020092,0.0683417078
9,-9.91e-05,0.0804020092,0.0683417078
10,-9.9e-05,0.0804020092,0.0683417078
11,-9.89e-05,0.0804020092,0.0683417078
12,-9.88e-05,0.1005025115,0.0683417078
13,-9.87e-05,0.1005025115,0.0723618083
14,-9.86e-05,0.1206030138,0.0683417078
15,-9.85e-05,0.1206030138,0.0683417078
16,-9.84e-05,0.1206030138,0.0683417078
17,-9.83e-05,0.1206030138,0.0683417078
18,-9.82e-05,0.1407035161,0.0683417078
19,-9.81e-05,0.1407035161,0.0723618083
20,-9.8e-05,0.1407035161,0.0683417078
21,-9.79e-05,0.1608040184,0.0683417078
22,-9.78e-05,0.1608040184,0.0683417078
23,-9.77e-05,0.1608040184,0.0683417078
24,-9.76e-05,0.1608040184,0.0683417078
25,-9.75e-05,0.1809045207,0.0683417078
26,-9.74e-05,0.201005023,0.0723618083
27,-9.73e-05,0.1809045207,0.0683417078
28,-9.72e-05,0.201005023,0.0683417078
29,-9.71e-05,0.201005023,0.0723618083
30,-9.7e-05,0.201005023,0.0683417078
31,-9.69e-05,0.201005023,0.0683417078
32,-9.68e-05,0.2211055253,0.0683417078
33,-9.67e-05,0.2211055253,0.0683417078
34,-9.66e-05,0.2211055253,0.0723618083
35,-9.65e-05,0.2412060276,0.0683417078
36,-9.64e-05,0.2412060276,0.0683417078
37,-9.63e-05,0.2412060276,0.0723618083
38,-9.62e-05,0.2412060276,0.0683417078
39,-9.61e-05,0.2613065299,0.0683417078
40,-9.6e-05,0.2613065299,0.0683417078
41,-9.59e-05,0.2613065299,0.0683417078
42,-9.58e-05,0.2613065299,0.0643216074
43,-9.57e-05,0.2814070322,0.0683417078
44,-9.56e-05,0.2814070322,0.0683417078
45,-9.55e-05,0.3015075344,0.0683417078
46,-9.54e-05,0.3015075345,0.0643216074
47,-9.53e-05,0.3015075345,0.0683417078
48,-9.52e-05,0.3015075345,0.0683417078
49,-9.51e-05,0.3216080368,0.0643216074
50,-9.5e-05,0.3015075345,0.0683417078
51,-9.49e-05,0.3216080368,0.0683417078
52,-9.48e-05,0.3417085391,0.0683417078
53,-9.47e-05,0.3417085391,0.0683417078
54,-9.46e-05,0.3417085391,0.0643216074
55,-9.45e-05,0.3417085391,0.0643216074
56,-9.44e-05,0.3417085391,0.0683417078
57,-9.43e-05,0.3819095436,0.0683417078
58,-9.42e-05,0.3618090414,0.0683417078
59,-9.41e-05,0.3819095436,0.0683417078
60,-9.4e-05,0.3819095436,0.0643216074
61,-9.39e-05,0.4020100459,0.0683417078
62,-9.38e-05,0.4020100459,0.0643216074
63,-9.37e-05,0.3819095436,0.0643216074
64,-9.36e-05,0.4020100459,0.0643216074
65,-9.35e-05,0.4221105482,0.0643216074
66,-9.34e-05,0.402010046,0.0643216074
67,-9.33e-05,0.4221105482,0.0683417078
68,-9.32e-05,0.4221105482,0.0643216074
69,-9.31e-05,0.4221105482,0.0683417078
70,-9.3e-05,0.4221105482,0.0683417078
71,-9.29e-05,0.4422110505,0.0643216074
72,-9.28e-05,0.4422110506,0.0643216074
73,-9.27e-05,0.4623115528,0.0603015069
74,-9.26e-05,0.4623115528,0.0603015069
75,-9.25e-05,0.4623115528,0.0683417078
76,-9.24e-05,0.4623115528,0.0643216074
77,-9.23e-05,0.4623115528,0.0603015069
78,-9.22e-05,0.4824120551,0.0643216074
79,-9.21e-05,0.4824120551,0.0643216074
80,-9.2e-05,0.4824120551,0.0643216074
81,-9.19e-05,0.5025125574,0.0603015069
82,-9.18e-05,0.5025125574,0.0603015069
83,-9.17e-05,0.5025125574,0.0643216074
84,-9.16e-05,0.5025125574,0.0643216074
85,-9.15e-05,0.5025125574,0.0603015069
86,-9.14e-05,0.5025125574,0.0643216074
87,-9.13e-05,0.5226130597,0.0643216074
88,-9.12e-05,0.542713562,0.0643216074
89,-9.11e-05,0.5226130597,0.0643216074
90,-9.1e-05,0.542713562,0.0603015069
91,-9.09e-05,0.542713562,0.0603015069
92,-9.08e-05,0.542713562,0.0603015069
93,-9.07e-05,0.5628140643,0.0603015069
94,-9.06e-05,0.542713562,0.0603015069
95,-9.05e-05,0.5628140643,0.0603015069
96,-9.04e-05,0.5628140643,0.0603015069
97,-9.03e-05,0.5829145666,0.0603015069
98,-9.02e-05,0.5829145666,0.0603015069
99,-9.01e-05,0.6030150689,0.0603015069
100,-9e-05,0.5829145666,0.0562814064
101,-8.99e-05,0.5829145666,0.0603015069
102,-8.98e-05,0.5829145666,0.0603015069
103,-8.97e-05,0.6030150689,0.0562814064
104,-8.96e-05,0.6030150689,0.0562814064
105,-8.95e-05,0.6030150689,0.0562814064
106,-8.94e-05,0.6231155712,0.0562814064
107,-8.93e-05,0.6231155712,0.0562814064
108,-8.92e-05,0.6030150689,0.0562814064
109,-8.91e-05,0.6432160735,0.0562814064
110,-8.9e-05,0.6432160735,0.0562814064
111,-8.89e-05,0.6231155712,0.0562814064
112,-8.88e-05,0.6432160735,0.0603015069
113,-8.87e-05,0.6633165758,0.0562814064
114,-8.86e-05,0.6432160735,0.0562814064
115,-8.85e-05,0.6432160735,0.0562814064
116,-8.84e-05,0.6432160735,0.0562814064
117,-8.83e-05,0.6633165758,0.0562814064
118,-8.82e-05,0.6633165758,0.0562814064
119,-8.81e-05,0.6834170781,0.0562814064
120,-8.8e-05,0.6834170781,0.0562814064
121,-8.79e-05,0.6834170781,0.0562814064
122,-8.78e-05,0.6834170781,0.052261306
123,-8.77e-05,0.7035175804,0.052261306
124,-8.76e-05,0.7035175804,0.052261306
125,-8.75e-05,0.7035175804,0.0562814064
126,-8.74e-05,0.7035175804,0.052261306
127,-8.73e-05,0.7035175804,0.052261306
128,-8.72e-05,0.7236180827,0.052261306
129,-8.71e-05,0.7236180827,0.0482412055
130,-8.7e-05,0.7035175804,0.0482412055
131,-8.69e-05,0.7236180827,0.052261306
132,-8.68e-05,0.743718585,0.0482412055
133,-8.67e-05,0.7236180827,0.052261306
134,-8.66e-05,0.743718585,0.0482412055
135,-8.65e-05,0.743718585,0.0482412055
136,-8.64e-05,0.743718585,0.0482412055
137,-8.63e-05,0.743718585,0.0482412055
138,-8.62e-05,0.743718585,0.0482412055
139,-8.61e-05,0.7638190873,0.0482412055
140,-8.6e-05,0.7638190873,0.052261306
141,-8.59e-05,0.7638190873,0.0482412055
142,-8.58e-05,0.7638190873,0.0482412055
143,-8.57e-05,0.7839195896,0.0482412055
144,-8.56e-05,0.7638190873,0.0482412055
145,-8.55e-05,0.7839195896,0.0482412055
146,-8.54e-05,0.7839195896,0.0482412055
147,-8.53e-05,0.7839195896,0.0482412055
148,-8.52e-05,0.7839195896,0.0402010046
149,-8.51e-05,0.7839195896,0.0482412055
150,-8.5e-05,0.7839195896,0.0442211051
151,-8.49e-05,0.8040200919,0.0442211051
152,-8.48e-05,0.8040200919,0.0442211051
153,-8.47e-05,0.8241205942,0.0442211051
154,-8.46e-05,0.8040200919,0.0442211051
155,-8.45e-05,0.8040200919,0.0442211051
156,-8.44e-05,0.8040200919,0.0442211051
157,-8.43e-05,0.8241205942,0.0442211051
158,-8.42e-05,0.8241205942,0.0402010046
159,-8.41e-05,0.8442210965,0.0402010046
160,-8.4e-05,0.8241205942,0.0442211051
161,-8.39e-05,0.8241205942,0.0442211051
162,-8.38e-05,0.8241205942,0.0402010046
163,-8.37e-05,0.8442210965,0.0402010046
164,-8.36e-05,0.8442210965,0.0402010046
165,-8.35e-05,0.8442210965,0.0442211051
166,-8.34e-05,0.8442210965,0.0402010046
167,-8.33e-05,0.8643215988,0.0361809041
168,-8.32e-05,0.8643215988,0.0402010046
169,-8.31e-05,0.8643215988,0.0402010046
170,-8.3e-05,0.8643215988,0.0402010046
171,-8.29e-05,0.8442210965,0.0361809041
172,-8.28e-05,0.8844221011,0.0361809041
173,-8.27e-05,0.8643215988,0.0361809041
174,-8.26e-05,0.8643215988,0.0361809041
175,-8.25e-05,0.8643215988,0.0361809041
176,-8.24e-05,0.8844221011,0.0321608037
177,-8.23e-05,0.8844221011,0.0361809041
178,-8.22e-05,0.8844221011,0.0361809041
179,-8.21e-05,0.8844221011,0.0361809041
180,-8.2e-05,0.8844221011,0.0321608037
181,-8.19e-05,0.8844221011,0.0361809041
182,-8.18e-05,0.9045226034,0.0321608037
183,-8.17e-05,0.8844221011,0.0321608037
184,-8.16e-05,0.8844221011,0.0321608037
185,-8.15e-05,0.9045226034,0.0321608037
186,-8.14e-05,0.9045226034,0.0321608037
187,-8.13e-05,0.9045226034,0.0321608037
188,-8.12e-05,0.9045226034,0.0321608037
189,-8.11e-05,0.9246231057,0.0321608037
190,-8.1e-05,0.9045226034,0.0321608037
191,-8.09e-05,0.9246231057,0.0321608037
192,-8.08e-05,0.9246231057,0.0281407032
193,-8.07e-05,0.9246231057,0.0321608037
194,-8.06e-05,0.9045226034,0.0281407032
195,-8.05e-05,0.9246231057,0.0321608037
196,-8.04e-05,0.9246231057,0.0281407032
197,-8.03e-05,0.9246231057,0.0281407032
198,-8.02e-05,0.9246231057,0.0281407032
199,-8.01e-05,0.9246231057,0.0281407032
200,-8e-05,0.9246231057,0.0281407032
201,-7.99e-05,0.9246231057,0.0281407032
202,-7.98e-05,0.9246231057,0.0241206028
203,-7.97e-05,0.944723608,0.0241206028
204,-7.96e-05,0.9246231057,0.0241206028
205,-7.95e-05,0.944723608,0.0241206028
206,-7.94e-05,0.944723608,0.0241206028
207,-7.93e-05,0.944723608,0.0241206028
208,-7.92e-05,0.944723608,0.0241206028
209,-7.91e-05,0.944723608,0.0241206028
210,-7.9e-05,0.944723608,0.0201005023
211,-7.89e-05,0.944723608,0.0241206028
212,-7.88e-05,0.944723608,0.0201005023
213,-7.87e-05,0.944723608,0.0201005023
214,-7.86e-05,0.9246231057,0.0241206028
215,-7.85e-05,0.9648241103,0.0201005023
216,-7.84e-05,0.944723608,0.0201005023
217,-7.83e-05,0.9648241103,0.0201005023
218,-7.82e-05,0.9648241103,0.0201005023
219,-7.81e-05,0.9648241103,0.0201005023
220,-7.8e-05,0.9648241103,0.0201005023
221,-7.79e-05,0.9648241103,0.0201005023
222,-7.78e-05,0.944723608,0.0201005023
223,-7.77e-05,0.9648241103,0.0201005023
224,-7.76e-05,0.9648241103,0.0160804018
225,-7.75e-05,0.944723608,0.0201005023
226,-7.74e-05,0.9648241103,0.0160804018
227,-7.73e-05,0.9648241103,0.0201005023
228,-7.72e-05,0.9648241103,0.0160804018
229,-7.71e-05,0.9648241103,0.0120603014
230,-7.7e-05,0.9648241103,0.0160804018
231,-7.69e-05,0.9648241103,0.0160804018
232,-7.68e-05,0.9648241103,0.0120603014
233,-7.67e-05,0.9648241103,0.0120603014
234,-7.66e-05,0.9648241103,0.0120603014
235,-7.65e-05,0.9648241103,0.0120603014
236,-7.64e-05,0.9648241103,0.0120603014
237,-7.63e-05,0.9849246126,0.0120603014
238,-7.62e-05,0.9648241103,0.0120603014
239,-7.61e-05,0.9648241103,0.0120603014
240,-7.6e-05,0.9648241103,0.0120603014
241,-7.59e-05,0.9648241103,0.0120603014
242,-7.58e-05,0.9648241103,0.0080402009
243,-7.57e-05,0.9648241103,0.0080402009
244,-7.56e-05,0.9849246126,0.0120603014
245,-7.55e-05,0.9849246126,0.0080402009
246,-7.54e-05,0.9648241103,0.0080402009
247,-7.53e-05,0.9648241103,0.0080402009
248,-7.52e-05,0.9648241103,0.0120603014
249,-7.51e-05,0.9849246126,0.0080402009
250,-7.5e-05,0.9648241103,0.0040201005
251,-7.49e-05,0.9648241103,0.0080402009
252,-7.48e-05,0.9648241103,0.0080402009
253,-7.47e-05,0.9648241103,0.0040201005
254,-7.46e-05,0.9648241103,0.0040201005
255,-7.45e-05,0.9849246126,0.0080402009
256,-7.44e-05,0.9648241103,0.0080402009
257,-7.43e-05,0.9648241103,0.0040201005
258,-7.42e-05,0.9648241103,0.0040201005
259,-7.41e-05,0.9648241103,0.0040201005
260,-7.4e-05,0.9648241103,0.0040201005
261,-7.39e-05,0.9849246126,0.0040201005
262,-7.38e-05,0.9648241103,-0.0
263,-7.37e-05,0.9648241103,0.0
264,-7.36e-05,0.9648241103,-0.0
265,-7.35e-05,0.9648241103,-0.0
266,-7.34e-05,0.9648241103,-0.0
267,-7.33e-05,0.9648241103,-0.0
268,-7.32e-05,0.9648241103,-0.0
269,-7.31e-05,0.9648241103,-0.0040201005
270,-7.3e-05,0.9648241103,-0.0
271,-7.29e-05,0.9648241103,-0.0
272,-7.28e-05,0.944723608,-0.0040201005
273,-7.27e-05,0.9648241103,-0.0040201005
274,-7.26e-05,0.9648241103,-0.0040201005
275,-7.25e-05,0.944723608,-0.0
276,-7.24e-05,0.944723608,-0.0040201005
277,-7.23e-05,0.9648241103,-0.0040201005
278,-7.22e-05,0.944723608,-0.0040201005
279,-7.21e-05,0.9648241103,-0.0040201005
280,-7.2e-05,0.9648241103,-0.0040201005
281,-7.19e-05,0.944723608,-0.0080402009
282,-7.18e-05,0.944723608,-0.0040201005
283,-7.17e-05,0.944723608,-0.0080402009
284,-7.16e-05,0.944723608,-0.0040201005
285,-7.15e-05,0.944723608,-0.0080402009
286,-7.14e-05,0.944723608,-0.0080402009
287,-7.13e-05,0.9246231057,-0.0080402009
288,-7.12e-05,0.9246231057,-0.0080402009
289,-7.11e-05,0.9246231057,-0.0120603014
290,-7.1e-05,0.944723608,-0.0080402009
291,-7.09e-05,0.944723608,-0.0080402009
292,-7.08e-05,0.9246231057,-0.0080402009
293,-7.07e-05,0.944723608,-0.0080402009
294,-7.06e-05,0.9246231057,-0.0080402009
295,-7.05e-05,0.944723608,-0.0120603014
296,-7.04e-05,0.944723608,-0.0120603014
297,-7.03e-05,0.944723608,-0.0160804018
298,-7.02e-05,0.9246231057,-0.0120603014
299,-7.01e-05,0.9246231057,-0.0160804018
300,-7e-05,0.9246231057,-0.0160804018
301,-6.99e-05,0.9045226034,-0.0120603014
302,-6.98e-05,0.9045226034,-0.0120603014
303,-6.97e-05,0.9246231057,-0.0160804018
304,-6.96e-05,0.9045226034,-0.0160804018
305,-6.95e-05,0.9246231057,-0.0160804018
306,-6.94e-05,0.9045226034,-0.0160804018
307,-6.93e-05,0.9246231057,-0.0160804018
308,-6.92e-05,0.9045226034,-0.0120603014
309,-6.91e-05,0.9045226034,-0.0160804018
310,-6.9e-05,0.8844221011,-0.0160804018
311,-6.89e-05,0.9045226034,-0.0160804018
312,-6.88e-05,0.9045226034,-0.0201005023
313,-6.87e-05,0.9045226034,-0.0160804018
314,-6.86e-05,0.8844221011,-0.0201005023
315,-6.85e-05,0.9045226034,-0.0201005023
316,-6.84e-05,0.8844221011,-0.0201005023
317,-6.83e-05,0.8844221011,-0.0201005023
318,-6.82e-05,0.8844221011,-0.0241206028
319,-6.81e-05,0.8844221011,-0.0201005023
320,-6.8e-05,0.8643215988,-0.0201005023
321,-6.79e-05,0.8844221011,-0.0201005023
322,-6.78e-05,0.8643215988,-0.0241206028
323,-6.77e-05,0.8643215988,-0.0241206028
324,-6.76e-05,0.8643215988,-0.0241206028
325,-6.75e-05,0.8643215988,-0.0241206028
326,-6.74e-05,0.8643215988,-0.0241206028
327,-6.73e-05,0.8643215988,-0.0241206028
328,-6.72e-05,0.8643215988,-0.0241206028
329,-6.71e-05,0.8442210965,-0.0241206028
330,-6.7e-05,0.8442210965,-0.0241206028
331,-6.69e-05,0.8442210965,-0.0241206028
332,-6.68e-05,0.8442210965,-0.0281407032
333,-6.67e-05,0.8442210965,-0.0281407032
334,-6.66e-05,0.8241205942,-0.0281407032
335,-6.65e-05,0.8241205942,-0.0281407032
336,-6.64e-05,0.8241205942,-0.0281407032
337,-6.63e-05,0.8241205942,-0.0321608037
338,-6.62e-05,0.8241205942,-0.0321608037
339,-6.61e-05,0.8241205942,-0.0321608037
340,-6.6e-05,0.8241205942,-0.0281407032
341,-6.59e-05,0.8241205942,-0.0281407032
342,-6.58e-05,0.8040200919,-0.0281407032
343,-6.57e-05,0.8241205942,-0.0321608037
344,-6.56e-05,0.8040200919,-0.0321608037
345,-6.55e-05,0.8040200919,-0.0321608037
346,-6.54e-05,0.7839195896,-0.0321608037
347,-6.53e-05,0.8040200919,-0.0321608037
348,-6.52e-05,0.7839195896,-0.0321608037
349,-6.51e-05,0.7839195896,-0.0321608037
350,-6.5e-05,0.7839195896,-0.0361809041
351,-6.49e-05,0.7839195896,-0.0321608037
352,-6.48e-05,0.7839195896,-0.0361809041
353,-6.47e-05,0.7839195896,-0.0361809041
354,-6.46e-05,0.7638190873,-0.0321608037
355,-6.45e-05,0.7638190873,-0.0361809041
356,-6.44e-05,0.743718585,-0.0361809041
357,-6.43e-05,0.743718585,-0.0361809041
358,-6.42e-05,0.7638190873,-0.0361809041
359,-6.41e-05,0.743718585,-0.0361809041
360,-6.4e-05,0.743718585,-0.0402010046
361,-6.39e-05,0.743718585,-0.0361809041
362,-6.38e-05,0.743718585,-0.0402010046
363,-6.37e-05,0.7236180827,-0.0402010046
364,-6.36e-05,0.7236180827,-0.0402010046
365,-6.35e-05,0.7236180827,-0.0402010046
366,-6.34e-05,0.7236180827,-0.0361809041
367,-6.33e-05,0.7236180827,-0.0402010046
368,-6.32e-05,0.7035175804,-0.0402010046
369,-6.31e-05,0.7035175804,-0.0402010046
370,-6.3e-05,0.7035175804,-0.0402010046
371,-6.29e-05,0.7035175804,-0.0402010046
372,-6.28e-05,0.7035175804,-0.0402010046
373,-6.27e-05,0.7035175804,-0.0402010046
374,-6.26e-05,0.6834170781,-0.0402010046
375,-6.25e-05,0.6834170781,-0.0402010046
376,-6.24e-05,0.6834170781,-0.0402010046
377,-6.23e-05,0.6834170781,-0.0442211051
378,-6.22e-05,0.6633165758,-0.0442211051
379,-6.21e-05,0.6633165758,-0.0482412055
380,-6.2e-05,0.6633165758,-0.0442211051
381,-6.19e-05,0.6633165758,-0.0442211051
382,-6.18e-05,0.6633165758,-0.0442211051
383,-6.17e-05,0.6432160735,-0.0442211051
384,-6.16e-05,0.6432160735,-0.0442211051
385,-6.15e-05,0.6432160735,-0.0442211051
386,-6.14e-05,0.6432160735,-0.0482412055
387,-6.13e-05,0.6432160735,-0.0482412055
388,-6.12e-05,0.6432160735,-0.0442211051
389,-6.11e-05,0.6231155712,-0.0442211051
390,-6.1e-05,0.6231155712,-0.0482412055
391,-6.09e-05,0.6231155712,-0.0482412055
392,-6.08e-05,0.6030150689,-0.0482412055
393,-6.07e-05,0.6030150689,-0.0482412055
394,-6.06e-05,0.6030150689,-0.0482412055
395,-6.05e-05,0.5829145666,-0.0482412055
396,-6.04e-05,0.5829145666,-0.0482412055
397,-6.03e-05,0.6030150689,-0.0482412055
398,-6.02e-05,0.5628140643,-0.052261306
399,-6.01e-05,0.5628140643,-0.052261306
400,-6e-05,0.5628140643,-0.052261306
401,-5.99e-05,0.5628140643,-0.0482412055
402,-5.98e-05,0.5628140643,-0.0482412055
403,-5.97e-05,0.5628140643,-0.0482412055
404,-5.96e-05,0.542713562,-0.0482412055
405,-5.95e-05,0.542713562,-0.052261306
406,-5.94e-05,0.542713562,-0.0482412055
407,-5.93e-05,0.542713562,-0.052261306
408,-5.92e-05,0.5226130597,-0.052261306
409,-5.91e-05,0.5226130597,-0.052261306
410,-5.9e-05,0.5025125574,-0.0562814064
411,-5.89e-05,0.5226130597,-0.0562814064
412,-5.88e-05,0.5025125574,-0.052261306
413,-5.87e-05,0.5025125574,-0.052261306
414,-5.86e-05,0.5025125574,-0.052261306
415,-5.85e-05,0.4824120551,-0.0562814064
416,-5.84e-05,0.4824120551,-0.052261306
417,-5.83e-05,0.4824120551,-0.0562814064
418,-5.82e-05,0.4824120551,-0.052261306
419,-5.81e-05,0.4824120551,-0.052261306
420,-5.8e-05,0.4623115528,-0.0562814064
421,-5.79e-05,0.4623115528,-0.0562814064
422,-5.78e-05,0.4422110505,-0.0562814064
423,-5.77e-05,0.4422110505,-0.0562814064
424,-5.76e-05,0.4623115528,-0.0562814064
425,-5.75e-05,0.4422110505,-0.0603015069
426,-5.74e-05,0.4422110505,-0.0603015069
427,-5.73e-05,0.4422110505,-0.0562814064
428,-5.72e-05,0.4221105482,-0.0562814064
429,-5.71e-05,0.4221105482,-0.0603015069
430,-5.7e-05,0.4221105482,-0.0562814064
431,-5.69e-05,0.4020100459,-0.0603015069
432,-5.68e-05,0.4020100459,-0.0562814064
433,-5.67e-05,0.4020100459,-0.0562814064
434,-5.66e-05,0.4020100459,-0.0562814064
435,-5.65e-05,0.3819095436,-0.0603015069
436,-5.64e-05,0.3819095436,-0.0562814064
437,-5.63e-05,0.3618090414,-0.0562814064
438,-5.62e-05,0.3618090414,-0.0603015069
439,-5.61e-05,0.3819095436,-0.0603015069
440,-5.6e-05,0.3618090413,-0.0603015069
441,-5.59e-05,0.3618090414,-0.0603015069
442,-5.58e-05,0.3417085391,-0.0603015069
443,-5.57e-05,0.3417085391,-0.0603015069
444,-5.56e-05,0.3216080368,-0.0603015069
445,-5.55e-05,0.3216080368,-0.0603015069
446,-5.54e-05,0.3216080368,-0.0603015069
447,-5.53e-05,0.3216080368,-0.0643216074
448,-5.52e-05,0.3015075345,-0.0643216074
449,-5.51e-05,0.3015075345,-0.0603015069
450,-5.5e-05,0.2814070322,-0.0643216074
451,-5.49e-05,0.2814070322,-0.0643216074
452,-5.48e-05,0.2814070322,-0.0643216074
453,-5.47e-05,0.2814070322,-0.0603015069
454,-5.46e-05,0.2613065299,-0.0643216074
455,-5.45e-05,0.2814070322,-0.0643216074
456,-5.44e-05,0.2613065299,-0.0643216074
457,-5.43e-05,0.2412060276,-0.0643216074
458,-5.42e-05,0.2613065299,-0.0643216074
459,-5.41e-05,0.2412060276,-0.0643216074
460,-5.4e-05,0.2412060276,-0.0643216074
461,-5.39e-05,0.2211055253,-0.0643216074
462,-5.38e-05,0.2412060276,-0.0603015069
463,-5.37e-05,0.201005023,-0.0643216074
464,-5.36e-05,0.2211055253,-0.0643216074
465,-5.35e-05,0.2211055253,-0.0643216074
466,-5.34e-05,0.201005023,-0.0643216074
467,-5.33e-05,0.201005023,-0.0643216074
468,-5.32e-05,0.201005023,-0.0643216074
469,-5.31e-05,0.1809045207,-0.0603015069
470,-5.3e-05,0.1809045207,-0.0643216074
471,-5.29e-05,0.1608040184,-0.0643216074
472,-5.28e-05,0.1608040184,-0.0643216074
473,-5.27e-05,0.1608040184,-0.0643216074
474,-5.26e-05,0.1608040184,-0.0643216074
475,-5.25e-05,0.1407035161,-0.0643216074
476,-5.24e-05,0.1407035161,-0.0603015069
477,-5.23e-05,0.1407035161,-0.0643216074
478,-5.22e-05,0.1407035161,-0.0643216074
479,-5.21e-05,0.1206030138,-0.0683417078
480,-5.2e-05,0.1206030138,-0.0643216074
481,-5.19e-05,0.1206030138,-0.0683417078
482,-5.18e-05,0.1206030138,-0.0643216074
483,-5.17e-05,0.1206030138,-0.0683417078
484,-5.16e-05,0.0804020092,-0.0683417078
485,-5.15e-05,0.1005025115,-0.0643216074
486,-5.14e-05,0.0804020092,-0.0683417078
487,-5.13e-05,0.0804020092,-0.0643216074
488,-5.12e-05,0.0804020092,-0.0683417078
489,-5.11e-05,0.0603015069,-0.0683417078
490,-5.1e-05,0.0603015069,-0.0683417078
491,-5.09e-05,0.0603015069,-0.0683417078
492,-5.08e-05,0.0603015069,-0.0683417078
493,-5.07e-05,0.0402010046,-0.0643216074
494,-5.06e-05,0.0402010046,-0.0643216074
495,-5.05e-05,0.0402010046,-0.0683417078
496,-5.04e-05,0.0402010046,-0.0643216074
497,-5.03e-05,0.0201005023,-0.0683417078
498,-5.02e-05,0.0,-0.0643216074
499,-5.01e-05,0.0,-0.0683417078
500,-5e-05,0.0,-0.0643216074
501,-4.99e-05,0.0,-0.0683417078
502,-4.98e-05,-0.0201005023,-0.0683417078
503,-4.97e-05,-0.0,-0.0683417078
504,-4.96e-05,-0.0201005023,-0.0643216074
505,-4.95e-05,-0.0201005023,-0.0643216074
506,-4.94e-05,-0.0402010046,-0.0643216074
507,-4.93e-05,-0.0402010046,-0.0683417078
508,-4.92e-05,-0.0603015069,-0.0683417078
509,-4.91e-05,-0.0402010046,-0.0683417078
510,-4.9e-05,-0.0603015069,-0.0683417078
511,-4.89e-05,-0.0603015069,-0.0683417078
512,-4.88e-05,-0.0603015069,-0.0683417078
513,-4.87e-05,-0.0804020092,-0.0683417078
514,-4.86e-05,-0.0804020092,-0.0683417078
515,-4.85e-05,-0.0804020092,-0.0683417078
516,-4.84e-05,-0.0804020092,-0.0683417078
517,-4.83e-05,-0.1005025115,-0.0683417078
518,-4.82e-05,-0.1005025115,-0.0683417078
519,-4.81e-05,-0.1206030138,-0.0683417078
520,-4.8e-05,-0.1206030138,-0.0683417078
521,-4.79e-05,-0.1206030138,-0.0683417078
522,-4.78e-05,-0.1206030138,-0.0683417078
523,-4.77e-05,-0.1206030138,-0.0683417078
524,-4.76e-05,-0.1407035161,-0.0683417078
525,-4.75e-05,-0.1407035161,-0.0643216074
526,-4.74e-05,-0.1407035161,-0.0683417078
527,-4.73e-05,-0.1407035161,-0.0683417078
528,-4.72e-05,-0.1608040184,-0.0683417078
529,-4.71e-05,-0.1608040184,-0.0683417078
530,-4.7e-05,-0.1608040184,-0.0643216074
531,-4.69e-05,-0.1809045207,-0.0643216074
532,-4.68e-05,-0.1809045207,-0.0643216074
533,-4.67e-05,-0.1809045207,-0.0643216074
534,-4.66e-05,-0.201005023,-0.0643216074
535,-4.65e-05,-0.201005023,-0.0643216074
536,-4.64e-05,-0.2211055253,-0.0643216074
537,-4.63e-05,-0.2211055253,-0.0683417078
538,-4.62e-05,-0.201005023,-0.0643216074
539,-4.61e-05,-0.201005023,-0.0643216074
540,-4.6e-05,-0.2412060276,-0.0683417078
541,-4.59e-05,-0.2211055253,-0.0683417078
542,-4.58e-05,-0.2412060276,-0.0643216074
543,-4.57e-05,-0.2412060276,-0.0683417078
544,-4.56e-05,-0.2613065299,-0.0643216074
545,-4.55e-05,-0.2613065299,-0.0643216074
546,-4.54e-05,-0.2814070322,-0.0683417078
547,-4.53e-05,-0.2613065299,-0.0643216074
548,-4.52e-05,-0.2814070322,-0.0643216074
549,-4.51e-05,-0.2814070322,-0.0643216074
550,-4.5e-05,-0.2814070322,-0.0643216074
551,-4.49e-05,-0.3015075345,-0.0683417078
552,-4.48e-05,-0.3015075345,-0.0643216074
553,-4.47e-05,-0.3015075345,-0.0643216074
554,-4.46e-05,-0.3015075345,-0.0643216074
555,-4.45e-05,-0.3015075345,-0.0683417078
556,-4.44e-05,-0.3216080368,-0.0603015069
557,-4.43e-05,-0.3216080368,-0.0643216074
558,-4.42e-05,-0.3216080368,-0.0643216074
559,-4.41e-05,-0.3216080368,-0.0643216074
560,-4.4e-05,-0.3417085391,-0.0603015069
561,-4.39e-05,-0.3618090413,-0.0643216074
562,-4.38e-05,-0.3618090414,-0.0643216074
563,-4.37e-05,-0.3618090414,-0.0643216074
564,-4.36e-05,-0.3618090414,-0.0683417078
565,-4.35e-05,-0.3618090414,-0.0643216074
566,-4.34e-05,-0.3819095436,-0.0643216074
567,-4.33e-05,-0.3819095437,-0.0643216074
568,-4.32e-05,-0.4020100459,-0.0643216074
569,-4.31e-05,-0.3819095436,-0.0643216074
570,-4.3e-05,-0.3819095437,-0.0643216074
571,-4.29e-05,-0.4020100459,-0.0643216074
572,-4.28e-05,-0.4020100459,-0.0603015069
573,-4.27e-05,-0.4020100459,-0.0603015069
574,-4.26e-05,-0.4221105482,-0.0643216074
575,-4.25e-05,-0.4020100459,-0.0603015069
576,-4.24e-05,-0.4221105482,-0.0643216074
577,-4.23e-05,-0.4221105482,-0.0603015069
578,-4.22e-05,-0.4422110505,-0.0643216074
579,-4.21e-05,-0.4623115528,-0.0603015069
580,-4.2e-05,-0.4623115528,-0.0603015069
581,-4.19e-05,-0.4623115528,-0.0643216073
582,-4.18e-05,-0.4623115528,-0.0603015069
583,-4.17e-05,-0.4623115528,-0.0603015069
584,-4.16e-05,-0.4623115528,-0.0603015069
585,-4.15e-05,-0.4824120551,-0.0643216074
586,-4.14e-05,-0.4824120551,-0.0603015069
587,-4.13e-05,-0.4824120551,-0.0603015069
588,-4.12e-05,-0.4824120551,-0.0603015069
589,-4.11e-05,-0.5025125574,-0.0603015069
590,-4.1e-05,-0.5025125574,-0.0603015069
591,-4.09e-05,-0.5025125574,-0.0562814064
592,-4.08e-05,-0.5025125574,-0.0603015069
593,-4.07e-05,-0.5226130597,-0.0562814064
594,-4.06e-05,-0.5025125574,-0.0603015069
595,-4.05e-05,-0.5226130597,-0.0603015069
596,-4.04e-05,-0.5226130597,-0.0603015069
597,-4.03e-05,-0.542713562,-0.0562814064
598,-4.02e-05,-0.542713562,-0.0603015069
599,-4.01e-05,-0.5628140643,-0.0562814064
600,-4e-05,-0.5628140643,-0.052261306
601,-3.99e-05,-0.5628140643,-0.0562814064
602,-3.98e-05,-0.5628140643,-0.0562814064
603,-3.97e-05,-0.5628140643,-0.0562814064
604,-3.96e-05,-0.5829145666,-0.052261306
605,-3.95e-05,-0.5829145666,-0.0562814064
606,-3.94e-05,-0.5829145666,-0.0562814064
607,-3.93e-05,-0.5829145666,-0.052261306
608,-3.92e-05,-0.6030150689,-0.0562814064
609,-3.91e-05,-0.6030150689,-0.0562814064
610,-3.9e-05,-0.6231155712,-0.0562814064
611,-3.89e-05,-0.6030150689,-0.0562814064
612,-3.88e-05,-0.6030150689,-0.0603015069
613,-3.87e-05,-0.6030150689,-0.052261306
614,-3.86e-05,-0.6231155712,-0.052261306
615,-3.85e-05,-0.6231155712,-0.0562814064
616,-3.84e-05,-0.6432160735,-0.052261306
617,-3.83e-05,-0.6432160735,-0.0562814064
618,-3.82e-05,-0.6231155712,-0.0482412055
619,-3.81e-05,-0.6432160735,-0.0562814064
620,-3.8e-05,-0.6432160735,-0.052261306
621,-3.79e-05,-0.6432160735,-0.052261306
622,-3.78e-05,-0.6432160735,-0.052261306
623,-3.77e-05,-0.6633165758,-0.052261306
624,-3.76e-05,-0.6834170781,-0.052261306
625,-3.75e-05,-0.6633165758,-0.0482412055
626,-3.74e-05,-0.6633165758,-0.052261306
627,-3.73e-05,-0.6834170781,-0.052261306
628,-3.72e-05,-0.6633165758,-0.0482412055
629,-3.71e-05,-0.6834170781,-0.0482412055
630,-3.7e-05,-0.7035175804,-0.0482412055
631,-3.69e-05,-0.6834170781,-0.052261306
632,-3.68e-05,-0.7035175804,-0.052261306
633,-3.67e-05,-0.7035175804,-0.0482412055
634,-3.66e-05,-0.7035175804,-0.0482412055
635,-3.65e-05,-0.7035175804,-0.0442211051
636,-3.64e-05,-0.7035175804,-0.0482412055
637,-3.63e-05,-0.7236180827,-0.0482412055
638,-3.62e-05,-0.7035175804,-0.0482412055
639,-3.61e-05,-0.7236180827,-0.0442211051
640,-3.6e-05,-0.7236180827,-0.0442211051
641,-3.59e-05,-0.7236180827,-0.0442211051
642,-3.58e-05,-0.7236180827,-0.0442211051
643,-3.57e-05,-0.7236180827,-0.0442211051
644,-3.56e-05,-0.743718585,-0.0442211051
645,-3.55e-05,-0.7236180827,-0.0442211051
646,-3.54e-05,-0.743718585,-0.0442211051
647,-3.53e-05,-0.7638190873,-0.0442211051
648,-3.52e-05,-0.7638190873,-0.0442211051
649,-3.51e-05,-0.743718585,-0.0442211051
650,-3.5e-05,-0.7638190873,-0.0442211051
651,-3.49e-05,-0.7638190873,-0.0442211051
652,-3.48e-05,-0.7638190873,-0.0442211051
653,-3.47e-05,-0.7839195896,-0.0442211051
654,-3.46e-05,-0.7839195896,-0.0442211051
655,-3.45e-05,-0.7839195896,-0.0402010046
656,-3.44e-05,-0.7839195896,-0.0402010046
657,-3.43e-05,-0.7638190873,-0.0402010046
658,-3.42e-05,-0.8040200919,-0.0402010046
659,-3.41e-05,-0.8040200919,-0.0402010046
660,-3.4e-05,-0.7839195896,-0.0402010046
661,-3.39e-05,-0.8040200919,-0.0402010046
662,-3.38e-05,-0.8040200919,-0.0361809041
663,-3.37e-05,-0.8040200919,-0.0402010046
664,-3.36e-05,-0.8241205942,-0.0361809041
665,-3.35e-05,-0.8040200919,-0.0361809041
666,-3.34e-05,-0.8040200919,-0.0361809041
667,-3.33e-05,-0.8241205942,-0.0361809041
668,-3.32e-05,-0.8241205942,-0.0361809041
669,-3.31e-05,-0.8241205942,-0.0361809041
670,-3.3e-05,-0.8241205942,-0.0361809041
671,-3.29e-05,-0.8241205942,-0.0361809041
672,-3.28e-05,-0.8241205942,-0.0321608037
673,-3.27e-05,-0.8442210965,-0.0361809041
674,-3.26e-05,-0.8442210965,-0.0361809041
675,-3.25e-05,-0.8643215988,-0.0321608037
676,-3.24e-05,-0.8442210965,-0.0321608037
677,-3.23e-05,-0.8442210965,-0.0361809041
678,-3.22e-05,-0.8442210965,-0.0321608037
679,-3.21e-05,-0.8442210965,-0.0321608037
680,-3.2e-05,-0.8442210965,-0.0321608037
681,-3.19e-05,-0.8643215988,-0.0281407032
682,-3.18e-05,-0.8442210965,-0.0321608037
683,-3.17e-05,-0.8442210965,-0.0321608037
684,-3.16e-05,-0.8643215988,-0.0281407032
685,-3.15e-05,-0.8643215988,-0.0281407032
686,-3.14e-05,-0.8643215988,-0.0281407032
687,-3.13e-05,-0.8643215988,-0.0321608037
688,-3.12e-05,-0.8844221011,-0.0281407032
689,-3.11e-05,-0.8643215988,-0.0281407032
690,-3.1e-05,-0.8643215988,-0.0281407032
691,-3.09e-05,-0.8643215988,-0.0281407032
692,-3.08e-05,-0.8643215988,-0.0281407032
693,-3.07e-05,-0.8844221011,-0.0281407032
694,-3.06e-05,-0.8844221011,-0.0241206028
695,-3.05e-05,-0.8844221011,-0.0281407032
696,-3.04e-05,-0.8844221011,-0.0241206028
697,-3.03e-05,-0.8844221011,-0.0241206028
698,-3.02e-05,-0.8844221011,-0.0241206028
699,-3.01e-05,-0.8844221011,-0.0241206028
700,-3e-05,-0.8844221011,-0.0281407032
701,-2.99e-05,-0.8844221011,-0.0241206028
702,-2.98e-05,-0.9045226034,-0.0241206028
703,-2.97e-05,-0.8844221011,-0.0241206028
704,-2.96e-05,-0.8844221011,-0.0281407032
705,-2.95e-05,-0.9045226034,-0.0201005023
706,-2.94e-05,-0.9045226034,-0.0241206028
707,-2.93e-05,-0.9045226034,-0.0201005023
708,-2.92e-05,-0.9045226034,-0.0241206028
709,-2.91e-05,-0.9045226034,-0.0201005023
710,-2.9e-05,-0.9045226034,-0.0241206028
711,-2.89e-05,-0.9246231057,-0.0201005023
712,-2.88e-05,-0.9045226034,-0.0201005023
713,-2.87e-05,-0.9246231057,-0.0201005023
714,-2.86e-05,-0.9246231057,-0.0201005023
715,-2.85e-05,-0.9246231057,-0.0201005023
716,-2.84e-05,-0.9045226034,-0.0160804018
717,-2.83e-05,-0.9045226034,-0.0160804018
718,-2.82e-05,-0.9045226034,-0.0201005023
719,-2.81e-05,-0.9045226034,-0.0160804018
720,-2.8e-05,-0.9246231057,-0.0160804018
721,-2.79e-05,-0.9246231057,-0.0160804018
722,-2.78e-05,-0.9246231057,-0.0160804018
723,-2.77e-05,-0.9246231057,-0.0160804018
724,-2.76e-05,-0.9246231057,-0.0160804018
725,-2.75e-05,-0.9246231057,-0.0160804018
726,-2.74e-05,-0.9246231057,-0.0120603014
727,-2.73e-05,-0.9246231057,-0.0160804018
728,-2.72e-05,-0.9246231057,-0.0120603014
729,-2.71e-05,-0.9246231057,-0.0120603014
730,-2.7e-05,-0.9045226034,-0.0120603014
731,-2.69e-05,-0.9246231057,-0.0120603014
732,-2.68e-05,-0.944723608,-0.0120603014
733,-2.67e-05,-0.9246231057,-0.0120603014
734,-2.66e-05,-0.9246231057,-0.0120603014
735,-2.65e-05,-0.9246231057,-0.0120603014
736,-2.64e-05,-0.9246231057,-0.0120603014
737,-2.63e-05,-0.944723608,-0.0080402009
738,-2.62e-05,-0.9246231057,-0.0080402009
739,-2.61e-05,-0.944723608,-0.0080402009
740,-2.6e-05,-0.944723608,-0.0080402009
741,-2.59e-05,-0.9246231057,-0.0080402009
742,-2.58e-05,-0.944723608,-0.0080402009
743,-2.57e-05,-0.9246231057,-0.0080402009
744,-2.56e-05,-0.944723608,-0.0040201005
745,-2.55e-05,-0.944723608,-0.0040201005
746,-2.54e-05,-0.944723608,-0.0040201005
747,-2.53e-05,-0.944723608,-0.0080402009
748,-2.52e-05,-0.944723608,-0.0040201005
749,-2.51e-05,-0.944723608,-0.0040201005
750,-2.5e-05,-0.9246231057,-0.0040201005
751,-2.49e-05,-0.9246231057,-0.0040201005
752,-2.48e-05,-0.9246231057,-0.0
753,-2.47e-05,-0.944723608,-0.0040201005
754,-2.46e-05,-0.9246231057,-0.0
755,-2.45e-05,-0.944723608,-0.0040201005
756,-2.44e-05,-0.9246231057,-0.0
757,-2.43e-05,-0.9246231057,-0.0
758,-2.42e-05,-0.9246231057,-0.0
759,-2.41e-05,-0.9246231057,-0.0
760,-2.4e-05,-0.944723608,0.0
761,-2.39e-05,-0.9246231057,-0.0
762,-2.38e-05,-0.944723608,0.0040201005
763,-2.37e-05,-0.944723608,-0.0
764,-2.36e-05,-0.944723608,0.0040201005
765,-2.35e-05,-0.9246231057,-0.0
766,-2.34e-05,-0.9246231057,-0.0
767,-2.33e-05,-0.9246231057,0.0040201005
768,-2.32e-05,-0.9246231057,0.0040201005
769,-2.31e-05,-0.9246231057,0.0
770,-2.3e-05,-0.9246231057,0.0040201005
771,-2.29e-05,-0.9246231057,0.0040201005
772,-2.28e-05,-0.9246231057,0.0040201005
773,-2.27e-05,-0.9246231057,0.0040201005
774,-2.26e-05,-0.9045226034,0.0040201005
775,-2.25e-05,-0.9246231057,0.0040201005
776,-2.24e-05,-0.9246231057,0.0040201005
777,-2.23e-05,-0.9246231057,0.0080402009
778,-2.22e-05,-0.9246231057,0.0080402009
779,-2.21e-05,-0.9246231057,0.0080402009
780,-2.2e-05,-0.9045226034,0.0080402009
781,-2.19e-05,-0.9045226034,0.0080402009
782,-2.18e-05,-0.9246231057,0.0080402009
783,-2.17e-05,-0.9246231057,0.0080402009
784,-2.16e-05,-0.9045226034,0.0120603014
785,-2.15e-05,-0.9246231057,0.0080402009
786,-2.14e-05,-0.9246231057,0.0120603014
787,-2.13e-05,-0.9045226034,0.0120603014
788,-2.12e-05,-0.9045226034,0.0160804018
789,-2.11e-05,-0.9045226034,0.0120603014
790,-2.1e-05,-0.8844221011,0.0120603014
791,-2.09e-05,-0.8844221011,0.0120603014
792,-2.08e-05,-0.9246231057,0.0120603014
793,-2.07e-05,-0.9045226034,0.0160804018
794,-2.06e-05,-0.9045226034,0.0160804018
795,-2.05e-05,-0.8844221011,0.0160804018
796,-2.04e-05,-0.9045226034,0.0160804018
797,-2.03e-05,-0.8844221011,0.0160804018
798,-2.02e-05,-0.8643215988,0.0160804018
799,-2.01e-05,-0.8844221011,0.0160804018
800,-2e-05,-0.9045226034,0.0160804018
801,-1.99e-05,-0.8844221011,0.0160804018
802,-1.98e-05,-0.8844221011,0.0160804018
803,-1.97e-05,-0.8643215988,0.0160804018
804,-1.96e-05,-0.8844221011,0.0201005023
805,-1.95e-05,-0.8844221011,0.0160804018
806,-1.94e-05,-0.8643215988,0.0201005023
807,-1.93e-05,-0.8844221011,0.0201005023
808,-1.92e-05,-0.8844221011,0.0201005023
809,-1.91e-05,-0.8643215988,0.0201005023
810,-1.9e-05,-0.8442210965,0.0201005023
811,-1.89e-05,-0.8643215988,0.0241206028
812,-1.88e-05,-0.8643215988,0.0201005023
813,-1.87e-05,-0.8643215988,0.0241206028
814,-1.86e-05,-0.8643215988,0.0201005023
815,-1.85e-05,-0.8442210965,0.0241206028
816,-1.84e-05,-0.8442210965,0.0201005023
817,-1.83e-05,-0.8643215988,0.0241206028
818,-1.82e-05,-0.8442210965,0.0241206028
819,-1.81e-05,-0.8442210965,0.0241206028
820,-1.8e-05,-0.8442210965,0.0241206028
821,-1.79e-05,-0.8442210965,0.0241206028
822,-1.78e-05,-0.8442210965,0.0241206028
823,-1.77e-05,-0.8442210965,0.0241206028
824,-1.76e-05,-0.8241205942,0.0281407032
825,-1.75e-05,-0.8241205942,0.0281407032
826,-1.74e-05,-0.8241205942,0.0241206028
827,-1.73e-05,-0.8241205942,0.0281407032
828,-1.72e-05,-0.8241205942,0.0281407032
829,-1.71e-05,-0.8040200919,0.0281407032
830,-1.7e-05,-0.8040200919,0.0281407032
831,-1.69e-05,-0.8040200919,0.0281407032
832,-1.68e-05,-0.8040200919,0.0281407032
833,-1.67e-05,-0.8040200919,0.0281407032
834,-1.66e-05,-0.8040200919,0.0321608037
835,-1.65e-05,-0.8040200919,0.0321608037
836,-1.64e-05,-0.7839195896,0.0281407032
837,-1.63e-05,-0.7839195896,0.0321608037
838,-1.62e-05,-0.7839195896,0.0321608037
839,-1.61e-05,-0.7839195896,0.0321608037
840,-1.6e-05,-0.7839195896,0.0321608037
841,-1.59e-05,-0.7839195896,0.0361809041
842,-1.58e-05,-0.7839195896,0.0321608037
843,-1.57e-05,-0.7638190873,0.0321608037
844,-1.56e-05,-0.7638190873,0.0361809041
845,-1.55e-05,-0.7638190873,0.0321608037
846,-1.54e-05,-0.7638190873,0.0361809041
847,-1.53e-05,-0.7638190873,0.0361809041
848,-1.52e-05,-0.7638190873,0.0361809041
849,-1.51e-05,-0.743718585,0.0361809041
850,-1.5e-05,-0.7638190873,0.0361809041
851,-1.49e-05,-0.743718585,0.0402010046
852,-1.48e-05,-0.743718585,0.0402010046
853,-1.47e-05,-0.7236180827,0.0361809041
854,-1.46e-05,-0.743718585,0.0361809041
855,-1.45e-05,-0.7236180827,0.0402010046
856,-1.44e-05,-0.7236180827,0.0361809041
857,-1.43e-05,-0.7236180827,0.0361809041
858,-1.42e-05,-0.7236180827,0.0361809041
859,-1.41e-05,-0.7236180827,0.0402010046
860,-1.4e-05,-0.7236180827,0.0402010046
861,-1.39e-05,-0.6834170781,0.0361809041
862,-1.38e-05,-0.7035175804,0.0402010046
863,-1.37e-05,-0.7035175804,0.0402010046
864,-1.36e-05,-0.7035175804,0.0402010046
865,-1.35e-05,-0.6834170781,0.0442211051
866,-1.34e-05,-0.6834170781,0.0442211051
867,-1.33e-05,-0.6834170781,0.0442211051
868,-1.32e-05,-0.6834170781,0.0442211051
869,-1.31e-05,-0.6633165758,0.0442211051
870,-1.3e-05,-0.6834170781,0.0442211051
871,-1.29e-05,-0.6432160735,0.0442211051
872,-1.28e-05,-0.6633165758,0.0442211051
873,-1.27e-05,-0.6633165758,0.0442211051
874,-1.26e-05,-0.6633165758,0.0442211051
875,-1.25e-05,-0.6432160735,0.0442211051
876,-1.24e-05,-0.6432160735,0.0482412055
877,-1.23e-05,-0.6432160735,0.0442211051
878,-1.22e-05,-0.6432160735,0.0442211051
879,-1.21e-05,-0.6231155712,0.0482412055
880,-1.2e-05,-0.6231155712,0.0482412055
881,-1.19e-05,-0.6231155712,0.0442211051
882,-1.18e-05,-0.6231155712,0.0482412055
883,-1.17e-05,-0.6231155712,0.0482412055
884,-1.16e-05,-0.6030150689,0.0442211051
885,-1.15e-05,-0.6030150689,0.0482412055
886,-1.14e-05,-0.5829145666,0.0482412055
887,-1.13e-05,-0.5829145666,0.0482412055
888,-1.12e-05,-0.6030150689,0.052261306
889,-1.11e-05,-0.5829145666,0.0482412055
890,-1.1e-05,-0.5829145666,0.0482412055
891,-1.09e-05,-0.5829145666,0.052261306
892,-1.08e-05,-0.5628140643,0.052261306
893,-1.07e-05,-0.5628140643,0.0482412055
894,-1.06e-05,-0.5628140643,0.0482412055
895,-1.05e-05,-0.542713562,0.052261306
896,-1.04e-05,-0.5628140643,0.052261306
897,-1.03e-05,-0.542713562,0.0482412055
898,-1.02e-05,-0.542713562,0.0562814064
899,-1.01e-05,-0.542713562,0.052261306
900,-1e-05,-0.5226130597,0.052261306
901,-9.9e-06,-0.5226130597,0.0562814064
902,-9.8e-06,-0.5226130597,0.052261306
903,-9.7e-06,-0.5025125574,0.052261306
904,-9.6e-06,-0.5226130597,0.052261306
905,-9.5e-06,-0.5226130597,0.052261306
906,-9.4e-06,-0.5025125574,0.052261306
907,-9.3e-06,-0.5025125574,0.0562814064
908,-9.2e-06,-0.4824120551,0.0562814064
909,-9.1e-06,-0.4824120551,0.052261306
910,-9e-06,-0.4824120551,0.0562814064
911,-8.9e-06,-0.4824120551,0.0562814064
912,-8.8e-06,-0.4824120551,0.0562814064
913,-8.7e-06,-0.4623115528,0.052261306
914,-8.6e-06,-0.4623115528,0.0562814064
915,-8.5e-06,-0.4422110505,0.0562814064
916,-8.4e-06,-0.4623115528,0.0603015069
917,-8.3e-06,-0.4422110505,0.0562814064
918,-8.2e-06,-0.4422110505,0.0562814064
919,-8.1e-06,-0.4422110505,0.0562814064
920,-8e-06,-0.4422110505,0.0562814064
921,-7.9e-06,-0.4221105482,0.0603015069
922,-7.8e-06,-0.4221105482,0.0603015069
923,-7.7e-06,-0.4020100459,0.0562814064
924,-7.6e-06,-0.4020100459,0.0562814064
925,-7.5e-06,-0.4020100459,0.0603015069
926,-7.4e-06,-0.3819095436,0.0603015069
927,-7.3e-06,-0.4020100459,0.0603015069
928,-7.2e-06,-0.3819095436,0.0603015069
929,-7.1e-06,-0.3618090414,0.0603015069
930,-7e-06,-0.3819095436,0.0603015069
931,-6.9e-06,-0.3819095436,0.0603015069
932,-6.8e-06,-0.3618090414,0.0562814064
933,-6.7e-06,-0.3618090414,0.0643216073
934,-6.6e-06,-0.3618090414,0.0603015069
935,-6.5e-06,-0.3618090413,0.0603015069
936,-6.4e-06,-0.3417085391,0.0603015069
937,-6.3e-06,-0.3417085391,0.0603015069
938,-6.2e-06,-0.3216080368,0.0603015069
939,-6.1e-06,-0.341708539,0.0643216074
940,-6e-06,-0.3216080368,0.0603015069
941,-5.9e-06,-0.3216080368,0.0643216074
942,-5.8e-06,-0.3015075345,0.0643216074
943,-5.7e-06,-0.3015075345,0.0643216074
944,-5.6e-06,-0.3015075345,0.0603015069
945,-5.5e-06,-0.2814070322,0.0603015069
946,-5.4e-06,-0.2814070322,0.0643216074
947,-5.3e-06,-0.2814070322,0.0643216074
948,-5.2e-06,-0.2814070322,0.0643216074
949,-5.1e-06,-0.2613065299,0.0643216074
950,-5e-06,-0.2613065299,0.0643216074
951,-4.9e-06,-0.2613065299,0.0643216073
952,-4.8e-06,-0.2613065299,0.0643216074
953,-4.7e-06,-0.2412060276,0.0643216074
954,-4.6e-06,-0.2412060276,0.0643216074
955,-4.5e-06,-0.2412060276,0.0643216074
956,-4.4e-06,-0.2211055253,0.0643216074
957,-4.3e-06,-0.2211055253,0.0643216074
958,-4.2e-06,-0.2211055253,0.0643216074
959,-4.1e-06,-0.201005023,0.0643216074
960,-4e-06,-0.201005023,0.0643216074
961,-3.9e-06,-0.201005023,0.0643216074
962,-3.8e-06,-0.201005023,0.0643216074
963,-3.7e-06,-0.201005023,0.0643216074
964,-3.6e-06,-0.1809045207,0.0683417078
965,-3.5e-06,-0.1608040184,0.0683417078
966,-3.4e-06,-0.1809045207,0.0683417078
967,-3.3e-06,-0.1608040184,0.0683417078
968,-3.2e-06,-0.1608040184,0.0643216074
969,-3.1e-06,-0.1407035161,0.0683417078
970,-3e-06,-0.1407035161,0.0683417078
971,-2.9e-06,-0.1407035161,0.0683417078
972,-2.8e-06,-0.1407035161,0.0683417078
973,-2.7e-06,-0.1407035161,0.0683417078
974,-2.6e-06,-0.1206030138,0.0683417078
975,-2.5e-06,-0.1407035161,0.0683417078
976,-2.4e-06,-0.1005025115,0.0683417078
977,-2.3e-06,-0.1005025115,0.0683417078
978,-2.2e-06,-0.1206030138,0.0683417078
979,-2.1e-06,-0.1005025115,0.0683417078
980,-2e-06,-0.0804020092,0.0643216074
981,-1.9e-06,-0.0804020092,0.0683417078
982,-1.8e-06,-0.0804020092,0.0683417078
983,-1.7e-06,-0.0804020092,0.0683417078
984,-1.6e-06,-0.0603015069,0.0683417078
985,-1.5e-06,-0.0603015069,0.0683417078
986,-1.4e-06,-0.0603015069,0.0643216074
987,-1.3e-06,-0.0402010046,0.0683417078
988,-1.2e-06,-0.0402010046,0.0683417078
989,-1.1e-06,-0.0402010046,0.0683417078
990,-1e-06,-0.0402010046,0.0683417078
991,-9e-07,-0.0201005023,0.0683417078
992,-8e-07,-0.0402010046,0.0683417078
993,-7e-07,-0.0201005023,0.0683417078
994,-6e-07,-0.0,0.0683417078
995,-5e-07,-0.0,0.0683417078
996,-4e-07,-0.0201005023,0.0683417078
997,-3e-07,0.0201005023,0.0683417078
998,-2e-07,0.0,0.0683417078
999,-1e-07,0.0402010046,0.0683417078
1000,0.0,0.0201005023,0.0723618083
1001,1e-07,0.0402010046,0.0723618083
1002,2e-07,0.0402010046,0.0683417078
1003,3e-07,0.0402010046,0.0683417078
1004,4e-07,0.0603015069,0.0723618083
1005,5e-07,0.0603015069,0.0683417078
1006,6e-07,0.0603015069,0.0683417078
1007,7e-07,0.0603015069,0.0683417078
1008,8e-07,0.0804020092,0.0683417078
1009,9e-07,0.0804020092,0.0723618083
1010,1e-06,0.1005025115,0.0683417078
1011,1.1e-06,0.0804020092,0.0683417078
1012,1.2e-06,0.1005025115,0.0683417078
1013,1.3e-06,0.1005025115,0.0683417078
1014,1.4e-06,0.1206030138,0.0723618083
1015,1.5e-06,0.1206030138,0.0683417078
1016,1.6e-06,0.1206030138,0.0683417078
1017,1.7e-06,0.1407035161,0.0723618083
1018,1.8e-06,0.1407035161,0.0683417078
1019,1.9e-06,0.1407035161,0.0683417078
1020,2e-06,0.1407035161,0.0683417078
1021,2.1e-06,0.1407035161,0.0683417078
1022,2.2e-06,0.1608040184,0.0723618083
1023,2.3e-06,0.1608040184,0.0683417078
1024,2.4e-06,0.1608040184,0.0683417078
1025,2.5e-06,0.1809045207,0.0683417078
1026,2.6e-06,0.201005023,0.0683417078
1027,2.7e-06,0.201005023,0.0683417078
1028,2.8e-06,0.201005023,0.0683417078
1029,2.9e-06,0.201005023,0.0723618083
1030,3e-06,0.201005023,0.0643216074
1031,3.1e-06,0.201005023,0.0683417078
1032,3.2e-06,0.201005023,0.0683417078
1033,3.3e-06,0.2211055253,0.0683417078
1034,3.4e-06,0.2211055253,0.0683417078
1035,3.5e-06,0.2412060276,0.0683417078
1036,3.6e-06,0.2211055253,0.0683417078
1037,3.7e-06,0.2613065299,0.0683417078
1038,3.8e-06,0.2613065299,0.0683417078
1039,3.9e-06,0.2613065299,0.0643216074
1040,4e-06,0.2613065299,0.0683417078
1041,4.1e-06,0.2613065299,0.0683417078
1042,4.2e-06,0.2613065299,0.0683417078
1043,4.3e-06,0.2814070322,0.0683417078
1044,4.4e-06,0.2814070322,0.0683417078
1045,4.5e-06,0.3015075345,0.0723618083
1046,4.6e-06,0.3015075345,0.0683417078
1047,4.7e-06,0.3015075345,0.0683417078
1048,4.8e-06,0.3015075345,0.0683417078
1049,4.9e-06,0.3015075345,0.0643216074
1050,5e-06,0.3216080368,0.0643216074
1051,5.1e-06,0.3216080368,0.0723618083
1052,5.2e-06,0.3417085391,0.0683417078
1053,5.3e-06,0.3417085391,0.0643216074
1054,5.4e-06,0.3618090413,0.0643216074
1055,5.5e-06,0.3417085391,0.0683417078
1056,5.6e-06,0.3618090413,0.0683417078
1057,5.7e-06,0.3618090414,0.0683417078
1058,5.8e-06,0.3618090414,0.0643216074
1059,5.9e-06,0.3618090414,0.0683417078
1060,6e-06,0.3819095436,0.0683417078
1061,6.1e-06,0.3819095436,0.0643216074
1062,6.2e-06,0.3819095436,0.0643216074
1063,6.3e-06,0.3819095437,0.0683417078
1064,6.4e-06,0.4020100459,0.0683417078
1065,6.5e-06,0.4020100459,0.0643216074
1066,6.6e-06,0.4020100459,0.0643216074
1067,6.7e-06,0.4020100459,0.0683417078
1068,6.8e-06,0.4221105482,0.0643216074
1069,6.9e-06,0.4221105482,0.0643216074
1070,7e-06,0.4221105482,0.0643216074
1071,7.1e-06,0.4422110505,0.0643216073
1072,7.2e-06,0.4422110505,0.0603015069
1073,7.3e-06,0.4623115528,0.0643216074
1074,7.4e-06,0.4623115528,0.0643216074
1075,7.5e-06,0.4623115528,0.0643216074
1076,7.6e-06,0.4623115528,0.0643216073
1077,7.7e-06,0.4824120551,0.0643216074
1078,7.8e-06,0.4623115528,0.0643216074
1079,7.9e-06,0.4824120551,0.0603015069
1080,8e-06,0.4824120551,0.0683417078
1081,8.1e-06,0.5025125574,0.0643216074
1082,8.2e-06,0.5025125574,0.0643216073
1083,8.3e-06,0.5025125574,0.0643216074
1084,8.4e-06,0.5025125574,0.0643216074
1085,8.5e-06,0.5226130597,0.0603015069
1086,8.6e-06,0.5025125574,0.0603015069
1087,8.7e-06,0.5025125574,0.0603015069
1088,8.8e-06,0.5226130597,0.0643216073
1089,8.9e-06,0.542713562,0.0603015069
1090,9e-06,0.542713562,0.0603015069
1091,9.1e-06,0.542713562,0.0603015069
1092,9.2e-06,0.542713562,0.0603015069
1093,9.3e-06,0.542713562,0.0643216073
1094,9.4e-06,0.5628140643,0.0603015069
1095,9.5e-06,0.5628140643,0.0603015069
1096,9.6e-06,0.5628140643,0.0603015069
1097,9.7e-06,0.5628140643,0.0603015069
1098,9.8e-06,0.5829145666,0.0603015069
1099,9.9e-06,0.5829145666,0.0603015069
1100,1e-05,0.5829145666,0.0603015069
1101,1.01e-05,0.6030150689,0.0562814064
1102,1.02e-05,0.5829145666,0.0603015069
1103,1.03e-05,0.5829145666,0.0603015069
1104,1.04e-05,0.6231155712,0.0603015069
1105,1.05e-05,0.6030150689,0.0562814064
1106,1.06e-05,0.6030150689,0.0603015069
1107,1.07e-05,0.6231155712,0.0562814064
1108,1.08e-05,0.6231155712,0.0562814064
1109,1.09e-05,0.6231155712,0.0562814064
1110,1.1e-05,0.6432160735,0.0562814064
1111,1.11e-05,0.6231155712,0.0603015069
1112,1.12e-05,0.6432160735,0.0603015069
1113,1.13e-05,0.6432160735,0.0562814064
1114,1.14e-05,0.6432160735,0.0562814064
1115,1.15e-05,0.6633165758,0.0562814064
1116,1.16e-05,0.6633165758,0.0562814064
1117,1.17e-05,0.6432160735,0.0562814064
1118,1.18e-05,0.6633165758,0.052261306
1119,1.19e-05,0.6834170781,0.0562814064
1120,1.2e-05,0.7035175804,0.052261306
1121,1.21e-05,0.6834170781,0.052261306
1122,1.22e-05,0.6834170781,0.0562814064
1123,1.23e-05,0.7035175804,0.0562814064
1124,1.24e-05,0.7035175804,0.052261306
1125,1.25e-05,0.7035175804,0.0562814064
1126,1.26e-05,0.7035175804,0.052261306
1127,1.27e-05,0.7035175804,0.052261306
1128,1.28e-05,0.7236180827,0.052261306
1129,1.29e-05,0.7236180827,0.052261306
1130,1.3e-05,0.7236180827,0.052261306
1131,1.31e-05,0.743718585,0.0482412055
1132,1.32e-05,0.743718585,0.052261306
1133,1.33e-05,0.743718585,0.052261306
1134,1.34e-05,0.7236180827,0.052261306
1135,1.35e-05,0.7236180827,0.052261306
1136,1.36e-05,0.743718585,0.052261306
1137,1.37e-05,0.743718585,0.0482412055
1138,1.38e-05,0.743718585,0.0482412055
1139,1.39e-05,0.7638190873,0.0482412055
1140,1.4e-05,0.743718585,0.0482412055
1141,1.41e-05,0.7638190873,0.0482412055
1142,1.42e-05,0.7638190873,0.0442211051
1143,1.43e-05,0.7638190873,0.0482412055
1144,1.44e-05,0.7839195896,0.0482412055
1145,1.45e-05,0.7839195896,0.0482412055
1146,1.46e-05,0.7839195896,0.0442211051
1147,1.47e-05,0.7839195896,0.0482412055
1148,1.48e-05,0.7839195896,0.0482412055
1149,1.49e-05,0.7839195896,0.0482412055
1150,1.5e-05,0.8040200919,0.0442211051
1151,1.51e-05,0.8040200919,0.0442211051
1152,1.52e-05,0.8040200919,0.0442211051
1153,1.53e-05,0.8040200919,0.0402010046
1154,1.54e-05,0.8040200919,0.0442211051
1155,1.55e-05,0.8040200919,0.0442211051
1156,1.56e-05,0.8241205942,0.0402010046
1157,1.57e-05,0.8241205942,0.0442211051
1158,1.58e-05,0.8241205942,0.0442211051
1159,1.59e-05,0.8241205942,0.0442211051
1160,1.6e-05,0.8442210965,0.0402010046
1161,1.61e-05,0.8241205942,0.0402010046
1162,1.62e-05,0.8442210965,0.0442211051
1163,1.63e-05,0.8442210965,0.0402010046
1164,1.64e-05,0.8442210965,0.0442211051
1165,1.65e-05,0.8442210965,0.0361809041
1166,1.66e-05,0.8442210965,0.0402010046
1167,1.67e-05,0.8442210965,0.0402010046
1168,1.68e-05,0.8442210965,0.0402010046
1169,1.69e-05,0.8442210965,0.0402010046
1170,1.7e-05,0.8442210965,0.0361809041
1171,1.71e-05,0.8844221011,0.0361809041
1172,1.72e-05,0.8643215988,0.0361809041
1173,1.73e-05,0.8643215988,0.0402010046
1174,1.74e-05,0.8643215988,0.0402010046
1175,1.75e-05,0.8844221011,0.0361809041
1176,1.76e-05,0.8643215988,0.0361809041
1177,1.77e-05,0.8844221011,0.0361809041
1178,1.78e-05,0.8844221011,0.0321608037
1179,1.79e-05,0.8844221011,0.0361809041
1180,1.8e-05,0.8844221011,0.0361809041
1181,1.81e-05,0.9045226034,0.0321608037
1182,1.82e-05,0.8844221011,0.0361809041
1183,1.83e-05,0.8844221011,0.0321608037
1184,1.84e-05,0.9045226034,0.0321608037
1185,1.85e-05,0.9045226034,0.0321608037
1186,1.86e-05,0.9045226034,0.0321608037
1187,1.87e-05,0.9045226034,0.0321608037
1188,1.88e-05,0.9045226034,0.0361809041
1189,1.89e-05,0.9045226034,0.0321608037
1190,1.9e-05,0.9045226034,0.0281407032
1191,1.91e-05,0.9045226034,0.0281407032
1192,1.92e-05,0.9246231057,0.0321608037
1193,1.93e-05,0.9246231057,0.0281407032
1194,1.94e-05,0.9045226034,0.0281407032
1195,1.95e-05,0.9246231057,0.0281407032
1196,1.96e-05,0.9246231057,0.0321608037
1197,1.97e-05,0.9246231057,0.0281407032
1198,1.98e-05,0.9246231057,0.0281407032
1199,1.99e-05,0.9246231057,0.0281407032
1200,2e-05,0.944723608,0.0281407032
1201,2.01e-05,0.9246231057,0.0281407032
1202,2.02e-05,0.944723608,0.0281407032
1203,2.03e-05,0.944723608,0.0241206028
1204,2.04e-05,0.9246231057,0.0241206028
1205,2.05e-05,0.9246231057,0.0241206028
1206,2.06e-05,0.944723608,0.0281407032
1207,2.07e-05,0.944723608,0.0241206028
1208,2.08e-05,0.944723608,0.0241206028
1209,2.09e-05,0.944723608,0.0241206028
1210,2.1e-05,0.944723608,0.0241206028
1211,2.11e-05,0.944723608,0.0241206028
1212,2.12e-05,0.9648241103,0.0241206028
1213,2.13e-05,0.9246231057,0.0201005023
1214,2.14e-05,0.944723608,0.0201005023
1215,2.15e-05,0.944723608,0.0201005023
1216,2.16e-05,0.944723608,0.0201005023
1217,2.17e-05,0.944723608,0.0201005023
1218,2.18e-05,0.944723608,0.0201005023
1219,2.19e-05,0.944723608,0.0201005023
1220,2.2e-05,0.944723608,0.0160804018
1221,2.21e-05,0.944723608,0.0201005023
1222,2.22e-05,0.9648241103,0.0160804018
1223,2.23e-05,0.9648241103,0.0201005023
1224,2.24e-05,0.9648241103,0.0160804018
1225,2.25e-05,0.9849246126,0.0160804018
1226,2.26e-05,0.9648241103,0.0160804018
1227,2.27e-05,0.9648241103,0.0160804018
1228,2.28e-05,0.9648241103,0.0160804018
1229,2.29e-05,0.9648241103,0.0160804018
1230,2.3e-05,0.9849246126,0.0120603014
1231,2.31e-05,0.9648241103,0.0160804018
1232,2.32e-05,0.9849246126,0.0160804018
1233,2.33e-05,0.9648241103,0.0120603014
1234,2.34e-05,0.9648241103,0.0120603014
1235,2.35e-05,0.9849246126,0.0120603014
1236,2.36e-05,0.9849246126,0.0160804018
1237,2.37e-05,0.9849246126,0.0120603014
1238,2.38e-05,0.9648241103,0.0120603014
1239,2.39e-05,0.9849246126,0.0080402009
1240,2.4e-05,0.9648241103,0.0120603014
1241,2.41e-05,0.9648241103,0.0120603014
1242,2.42e-05,0.9849246126,0.0080402009
1243,2.43e-05,0.9648241103,0.0080402009
1244,2.44e-05,0.9648241103,0.0080402009
1245,2.45e-05,0.9648241103,0.0080402009
1246,2.46e-05,0.9648241103,0.0080402009
1247,2.47e-05,0.9849246126,0.0080402009
1248,2.48e-05,0.9849246126,0.0080402009
1249,2.49e-05,0.9849246126,0.0040201005
1250,2.5e-05,0.9648241103,0.0080402009
1251,2.51e-05,0.9648241103,0.0080402009
1252,2.52e-05,0.9648241103,0.0040201005
1253,2.53e-05,0.9648241103,0.0040201005
1254,2.54e-05,0.9849246126,0.0040201005
1255,2.55e-05,0.9648241103,0.0040201005
1256,2.56e-05,0.9849246126,-0.0
1257,2.57e-05,0.9648241103,0.0040201005
1258,2.58e-05,0.9648241103,0.0040201005
1259,2.59e-05,0.9648241103,0.0040201005
1260,2.6e-05,0.9648241103,0.0040201005
1261,2.61e-05,0.9648241103,0.0
1262,2.62e-05,0.9648241103,0.0040201005
1263,2.63e-05,0.9849246126,-0.0
1264,2.64e-05,0.9648241103,-0.0
1265,2.65e-05,0.9648241103,0.0
1266,2.66e-05,0.9648241103,-0.0
1267,2.67e-05,0.944723608,-0.0
1268,2.68e-05,0.9648241103,-0.0
1269,2.69e-05,0.9648241103,-0.0
1270,2.7e-05,0.944723608,-0.0
1271,2.71e-05,0.9648241103,-0.0040201005
1272,2.72e-05,0.9648241103,-0.0040201005
1273,2.73e-05,0.9648241103,-0.0
1274,2.74e-05,0.9648241103,-0.0040201005
1275,2.75e-05,0.9648241103,-0.0
1276,2.76e-05,0.944723608,-0.0040201005
1277,2.77e-05,0.9648241103,-0.0040201005
1278,2.78e-05,0.944723608,-0.0040201005
1279,2.79e-05,0.944723608,-0.0040201005
1280,2.8e-05,0.9648241103,-0.0040201005
1281,2.81e-05,0.9648241103,-0.0080402009
1282,2.82e-05,0.944723608,-0.0040201005
1283,2.83e-05,0.944723608,-0.0080402009
1284,2.84e-05,0.944723608,-0.0040201005
1285,2.85e-05,0.944723608,-0.0080402009
1286,2.86e-05,0.944723608,-0.0040201005
1287,2.87e-05,0.944723608,-0.0080402009
1288,2.88e-05,0.944723608,-0.0080402009
1289,2.89e-05,0.944723608,-0.0080402009
1290,2.9e-05,0.944723608,-0.0080402009
1291,2.91e-05,0.944723608,-0.0120603014
1292,2.92e-05,0.9246231057,-0.0120603014
1293,2.93e-05,0.9246231057,-0.0120603014
1294,2.94e-05,0.9246231057,-0.0120603014
1295,2.95e-05,0.944723608,-0.0120603014
1296,2.96e-05,0.944723608,-0.0120603014
1297,2.97e-05,0.9246231057,-0.0120603014
1298,2.98e-05,0.9246231057,-0.0120603014
1299,2.99e-05,0.9246231057,-0.0120603014
1300,3e-05,0.9246231057,-0.0120603014
1301,3.01e-05,0.9246231057,-0.0160804018
1302,3.02e-05,0.9246231057,-0.0160804018
1303,3.03e-05,0.9246231057,-0.0160804018
1304,3.04e-05,0.9045226034,-0.0160804018
1305,3.05e-05,0.9045226034,-0.0120603014
1306,3.06e-05,0.9045226034,-0.0160804018
1307,3.07e-05,0.9045226034,-0.0160804018
1308,3.08e-05,0.9045226034,-0.0160804018
1309,3.09e-05,0.9045226034,-0.0160804018
1310,3.1e-05,0.9045226034,-0.0160804018
1311,3.11e-05,0.9045226034,-0.0201005023
1312,3.12e-05,0.9045226034,-0.0201005023
1313,3.13e-05,0.9045226034,-0.0201005023
1314,3.14e-05,0.8844221011,-0.0201005023
1315,3.15e-05,0.8844221011,-0.0201005023
1316,3.16e-05,0.9045226034,-0.0201005023
1317,3.17e-05,0.8844221011,-0.0201005023
1318,3.18e-05,0.8844221011,-0.0201005023
1319,3.19e-05,0.8643215988,-0.0201005023
1320,3.2e-05,0.8844221011,-0.0201005023
1321,3.21e-05,0.8643215988,-0.0241206028
1322,3.22e-05,0.8844221011,-0.0241206028
1323,3.23e-05,0.8643215988,-0.0241206028
1324,3.24e-05,0.8643215988,-0.0241206028
1325,3.25e-05,0.8643215988,-0.0241206028
1326,3.26e-05,0.8643215988,-0.0241206028
1327,3.27e-05,0.8643215988,-0.0241206028
1328,3.28e-05,0.8442210965,-0.0241206028
1329,3.29e-05,0.8442210965,-0.0241206028
1330,3.3e-05,0.8442210965,-0.0281407032
1331,3.31e-05,0.8442210965,-0.0241206028
1332,3.32e-05,0.8442210965,-0.0281407032
1333,3.33e-05,0.8442210965,-0.0241206028
1334,3.34e-05,0.8442210965,-0.0241206028
1335,3.35e-05,0.8241205942,-0.0281407032
1336,3.36e-05,0.8241205942,-0.0281407032
1337,3.37e-05,0.8241205942,-0.0321608037
1338,3.38e-05,0.8040200919,-0.0281407032
1339,3.39e-05,0.8241205942,-0.0321608037
1340,3.4e-05,0.8241205942,-0.0281407032
1341,3.41e-05,0.8040200919,-0.0281407032
1342,3.42e-05,0.8040200919,-0.0321608037
1343,3.43e-05,0.8040200919,-0.0321608037
1344,3.44e-05,0.8040200919,-0.0321608037
1345,3.45e-05,0.8040200919,-0.0321608037
1346,3.46e-05,0.7839195896,-0.0321608037
1347,3.47e-05,0.8040200919,-0.0321608037
1348,3.48e-05,0.7839195896,-0.0321608037
1349,3.49e-05,0.7839195896,-0.0321608037
1350,3.5e-05,0.7839195896,-0.0361809041
1351,3.51e-05,0.7839195896,-0.0321608037
1352,3.52e-05,0.7638190873,-0.0361809041
1353,3.53e-05,0.7638190873,-0.0361809041
1354,3.54e-05,0.7638190873,-0.0361809041
1355,3.55e-05,0.7638190873,-0.0361809041
1356,3.56e-05,0.7638190873,-0.0321608037
1357,3.57e-05,0.7638190873,-0.0361809041
1358,3.58e-05,0.743718585,-0.0361809041
1359,3.59e-05,0.743718585,-0.0361809041
1360,3.6e-05,0.743718585,-0.0402010046
1361,3.61e-05,0.743718585,-0.0361809041
1362,3.62e-05,0.743718585,-0.0402010046
1363,3.63e-05,0.7236180827,-0.0402010046
1364,3.64e-05,0.7236180827,-0.0361809041
1365,3.65e-05,0.743718585,-0.0402010046
1366,3.66e-05,0.743718585,-0.0402010046
1367,3.67e-05,0.7035175804,-0.0402010046
1368,3.68e-05,0.7035175804,-0.0402010046
1369,3.69e-05,0.7035175804,-0.0402010046
1370,3.7e-05,0.7035175804,-0.0402010046
1371,3.71e-05,0.6834170781,-0.0442211051
1372,3.72e-05,0.6834170781,-0.0442211051
1373,3.73e-05,0.6834170781,-0.0402010046
1374,3.74e-05,0.6834170781,-0.0402010046
1375,3.75e-05,0.6834170781,-0.0442211051
1376,3.76e-05,0.6834170781,-0.0442211051
1377,3.77e-05,0.6834170781,-0.0402010046
1378,3.78e-05,0.6633165758,-0.0442211051
1379,3.79e-05,0.6633165758,-0.0442211051
1380,3.8e-05,0.6633165758,-0.0442211051
1381,3.81e-05,0.6432160735,-0.0482412055
1382,3.82e-05,0.6432160735,-0.0442211051
1383,3.83e-05,0.6432160735,-0.0442211051
1384,3.84e-05,0.6432160735,-0.0442211051
1385,3.85e-05,0.6432160735,-0.0442211051
1386,3.86e-05,0.6231155712,-0.0482412055
1387,3.87e-05,0.6432160735,-0.0482412055
1388,3.88e-05,0.6231155712,-0.0482412055
1389,3.89e-05,0.6231155712,-0.0482412055
1390,3.9e-05,0.6231155712,-0.0482412055
1391,3.91e-05,0.6231155712,-0.0482412055
1392,3.92e-05,0.6030150689,-0.0482412055
1393,3.93e-05,0.6030150689,-0.0482412055
1394,3.94e-05,0.5829145666,-0.0482412055
1395,3.95e-05,0.6030150689,-0.0482412055
1396,3.96e-05,0.6030150689,-0.052261306
1397,3.97e-05,0.5829145666,-0.0482412055
1398,3.98e-05,0.5628140643,-0.0482412055
1399,3.99e-05,0.5829145666,-0.052261306
1400,4e-05,0.5628140643,-0.052261306
1401,4.01e-05,0.5628140643,-0.0482412055
1402,4.02e-05,0.5628140643,-0.0482412055
1403,4.03e-05,0.5628140643,-0.0482412055
1404,4.04e-05,0.542713562,-0.052261306
1405,4.05e-05,0.5226130597,-0.052261306
1406,4.06e-05,0.5226130597,-0.052261306
1407,4.07e-05,0.542713562,-0.052261306
1408,4.08e-05,0.5226130597,-0.052261306
1409,4.09e-05,0.5226130597,-0.052261306
1410,4.1e-05,0.5226130597,-0.052261306
1411,4.11e-05,0.5226130597,-0.0562814064
1412,4.12e-05,0.5025125574,-0.052261306
1413,4.13e-05,0.5025125574,-0.0562814064
1414,4.14e-05,0.5025125574,-0.052261306
1415,4.15e-05,0.4824120551,-0.0562814064
1416,4.16e-05,0.4824120551,-0.052261306
1417,4.17e-05,0.5025125574,-0.0562814064
1418,4.18e-05,0.4623115528,-0.052261306
1419,4.19e-05,0.4824120551,-0.052261306
1420,4.2e-05,0.4623115528,-0.052261306
1421,4.21e-05,0.4422110505,-0.0562814064
1422,4.22e-05,0.4623115528,-0.0562814064
1423,4.23e-05,0.4422110505,-0.0562814064
1424,4.24e-05,0.4623115528,-0.0562814064
1425,4.25e-05,0.4422110505,-0.0562814064
1426,4.26e-05,0.4221105482,-0.0562814064
1427,4.27e-05,0.4221105482,-0.0562814064
1428,4.28e-05,0.4221105482,-0.0603015069
1429,4.29e-05,0.4221105482,-0.0562814064
1430,4.3e-05,0.402010046,-0.0603015069
1431,4.31e-05,0.4020100459,-0.0562814064
1432,4.32e-05,0.3819095437,-0.0562814064
1433,4.33e-05,0.4020100459,-0.0603015069
1434,4.34e-05,0.3819095436,-0.0603015069
1435,4.35e-05,0.3819095436,-0.0562814064
1436,4.36e-05,0.3819095436,-0.0603015069
1437,4.37e-05,0.3618090414,-0.0562814064
1438,4.38e-05,0.3819095436,-0.0603015069
1439,4.39e-05,0.3618090413,-0.0562814064
1440,4.4e-05,0.3417085391,-0.0603015069
1441,4.41e-05,0.341708539,-0.0603015069
1442,4.42e-05,0.3417085391,-0.0603015069
1443,4.43e-05,0.3417085391,-0.0603015069
1444,4.44e-05,0.3417085391,-0.0603015069
1445,4.45e-05,0.3216080368,-0.0603015069
1446,4.46e-05,0.341708539,-0.0603015069
1447,4.47e-05,0.3216080368,-0.0562814064
1448,4.48e-05,0.3216080368,-0.0603015069
1449,4.49e-05,0.3015075345,-0.0643216073
1450,4.5e-05,0.3015075345,-0.0603015069
1451,4.51e-05,0.2814070322,-0.0603015069
1452,4.52e-05,0.2814070322,-0.0603015069
1453,4.53e-05,0.2814070322,-0.0643216074
1454,4.54e-05,0.2814070322,-0.0603015069
1455,4.55e-05,0.2814070322,-0.0683417078
1456,4.56e-05,0.2613065299,-0.0603015069
1457,4.57e-05,0.2613065299,-0.0603015069
1458,4.58e-05,0.2412060276,-0.0603015069
1459,4.59e-05,0.2613065299,-0.0643216074
1460,4.6e-05,0.2211055253,-0.0643216074
1461,4.61e-05,0.2412060276,-0.0643216074
1462,4.62e-05,0.2412060276,-0.0643216073
1463,4.63e-05,0.2412060276,-0.0643216074
1464,4.64e-05,0.201005023,-0.0643216074
1465,4.65e-05,0.2211055253,-0.0643216073
1466,4.66e-05,0.201005023,-0.0643216074
1467,4.67e-05,0.201005023,-0.0643216074
1468,4.68e-05,0.201005023,-0.0643216074
1469,4.69e-05,0.1809045207,-0.0683417078
1470,4.7e-05,0.1809045207,-0.0643216074
1471,4.71e-05,0.1608040184,-0.0643216074
1472,4.72e-05,0.1809045207,-0.0683417078
1473,4.73e-05,0.1608040184,-0.0643216074
1474,4.74e-05,0.1608040184,-0.0643216073
1475,4.75e-05,0.1608040184,-0.0643216074
1476,4.76e-05,0.1407035161,-0.0643216074
1477,4.77e-05,0.1407035161,-0.0643216074
1478,4.78e-05,0.1407035161,-0.0683417078
1479,4.79e-05,0.1206030138,-0.0643216074
1480,4.8e-05,0.1206030138,-0.0643216074
1481,4.81e-05,0.1206030138,-0.0643216074
1482,4.82e-05,0.1206030138,-0.0683417078
1483,4.83e-05,0.1005025115,-0.0683417078
1484,4.84e-05,0.1005025115,-0.0643216074
1485,4.85e-05,0.0804020092,-0.0643216074
1486,4.86e-05,0.0804020092,-0.0643216074
1487,4.87e-05,0.0804020092,-0.0643216074
1488,4.88e-05,0.0603015069,-0.0683417078
1489,4.89e-05,0.0804020092,-0.0643216074
1490,4.9e-05,0.0603015069,-0.0643216074
1491,4.91e-05,0.0603015069,-0.0683417078
1492,4.92e-05,0.0603015069,-0.0643216074
1493,4.93e-05,0.0402010046,-0.0683417078
1494,4.94e-05,0.0402010046,-0.0683417078
1495,4.95e-05,0.0402010046,-0.0683417078
1496,4.96e-05,0.0201005023,-0.0683417078
1497,4.97e-05,0.0402010046,-0.0683417078
1498,4.98e-05,0.0201005023,-0.0683417078
1499,4.99e-05,0.0201005023,-0.0643216074
1500,5e-05,0.0201005023,-0.0683417078
1501,5.01e-05,-0.0,-0.0683417078
1502,5.02e-05,-0.0201005023,-0.0683417078
1503,5.03e-05,-0.0201005023,-0.0683417078
1504,5.04e-05,-0.0201005023,-0.0683417078
1505,5.05e-05,-0.0402010046,-0.0643216074
1506,5.06e-05,-0.0201005023,-0.0683417078
1507,5.07e-05,-0.0201005023,-0.0683417078
1508,5.08e-05,-0.0402010046,-0.0683417078
1509,5.09e-05,-0.0402010046,-0.0723618083
1510,5.1e-05,-0.0402010046,-0.0643216074
1511,5.11e-05,-0.0603015069,-0.0683417078
1512,5.12e-05,-0.0804020092,-0.0683417078
1513,5.13e-05,-0.0804020092,-0.0683417078
1514,5.14e-05,-0.1005025115,-0.0683417078
1515,5.15e-05,-0.0804020092,-0.0683417078
1516,5.16e-05,-0.1005025115,-0.0683417078
1517,5.17e-05,-0.0804020092,-0.0683417078
1518,5.18e-05,-0.1005025115,-0.0683417078
1519,5.19e-05,-0.0804020092,-0.0683417078
1520,5.2e-05,-0.1206030138,-0.0683417078
1521,5.21e-05,-0.1206030138,-0.0683417078
1522,5.22e-05,-0.1407035161,-0.0683417078
1523,5.23e-05,-0.1407035161,-0.0683417078
1524,5.24e-05,-0.1407035161,-0.0683417078
1525,5.25e-05,-0.1407035161,-0.0643216074
1526,5.26e-05,-0.1407035161,-0.0683417078
1527,5.27e-05,-0.1608040184,-0.0643216074
1528,5.28e-05,-0.1608040184,-0.0643216074
1529,5.29e-05,-0.1608040184,-0.0683417078
1530,5.3e-05,-0.1809045207,-0.0643216074
1531,5.31e-05,-0.1608040184,-0.0643216074
1532,5.32e-05,-0.1809045207,-0.0643216074
1533,5.33e-05,-0.201005023,-0.0683417078
1534,5.34e-05,-0.201005023,-0.0683417078
1535,5.35e-05,-0.201005023,-0.0643216074
1536,5.36e-05,-0.2211055253,-0.0683417078
1537,5.37e-05,-0.2211055253,-0.0683417078
1538,5.38e-05,-0.2211055253,-0.0683417078
1539,5.39e-05,-0.2211055253,-0.0643216074
1540,5.4e-05,-0.2211055253,-0.0683417078
1541,5.41e-05,-0.2412060276,-0.0683417078
1542,5.42e-05,-0.2412060276,-0.0643216074
1543,5.43e-05,-0.2412060276,-0.0683417078
1544,5.44e-05,-0.2412060276,-0.0643216074
1545,5.45e-05,-0.2613065299,-0.0643216074
1546,5.46e-05,-0.2613065299,-0.0643216074
1547,5.47e-05,-0.2814070322,-0.0683417078
1548,5.48e-05,-0.2814070322,-0.0643216074
1549,5.49e-05,-0.2814070322,-0.0643216074
1550,5.5e-05,-0.3015075345,-0.0683417078
1551,5.51e-05,-0.3015075345,-0.0683417078
1552,5.52e-05,-0.3015075345,-0.0643216074
1553,5.53e-05,-0.3216080368,-0.0643216074
1554,5.54e-05,-0.3216080367,-0.0643216074
1555,5.55e-05,-0.3216080368,-0.0643216074
1556,5.56e-05,-0.3216080368,-0.0643216074
1557,5.57e-05,-0.3216080368,-0.0643216074
1558,5.58e-05,-0.3417085391,-0.0643216074
1559,5.59e-05,-0.3417085391,-0.0643216074
1560,5.6e-05,-0.3417085391,-0.0643216074
1561,5.61e-05,-0.3417085391,-0.0643216074
1562,5.62e-05,-0.3618090414,-0.0603015069
1563,5.63e-05,-0.3618090414,-0.0603015069
1564,5.64e-05,-0.3819095436,-0.0603015069
1565,5.65e-05,-0.3819095436,-0.0643216074
1566,5.66e-05,-0.3618090414,-0.0603015069
1567,5.67e-05,-0.3819095436,-0.0643216074
1568,5.68e-05,-0.3819095436,-0.0603015069
1569,5.69e-05,-0.4020100459,-0.0643216074
1570,5.7e-05,-0.4020100459,-0.0643216074
1571,5.71e-05,-0.4221105482,-0.0603015069
1572,5.72e-05,-0.4221105482,-0.0643216074
1573,5.73e-05,-0.402010046,-0.0603015069
1574,5.74e-05,-0.4221105482,-0.0603015069
1575,5.75e-05,-0.4422110505,-0.0643216073
1576,5.76e-05,-0.4221105482,-0.0643216074
1577,5.77e-05,-0.4221105482,-0.0603015069
1578,5.78e-05,-0.4623115528,-0.0603015069
1579,5.79e-05,-0.4623115528,-0.0643216074
1580,5.8e-05,-0.4623115528,-0.0603015069
1581,5.81e-05,-0.4623115528,-0.0603015069
1582,5.82e-05,-0.4623115528,-0.0603015069
1583,5.83e-05,-0.4623115528,-0.0603015069
1584,5.84e-05,-0.4824120551,-0.0603015069
1585,5.85e-05,-0.4824120551,-0.0643216074
1586,5.86e-05,-0.4824120551,-0.0603015069
1587,5.87e-05,-0.4824120551,-0.0603015069
1588,5.88e-05,-0.5025125574,-0.0603015069
1589,5.89e-05,-0.5025125574,-0.0603015069
1590,5.9e-05,-0.5025125574,-0.0603015069
1591,5.91e-05,-0.5025125574,-0.0603015069
1592,5.92e-05,-0.5226130597,-0.0562814064
1593,5.93e-05,-0.5025125574,-0.0603015069
1594,5.94e-05,-0.542713562,-0.0562814064
1595,5.95e-05,-0.5226130597,-0.0603015069
1596,5.96e-05,-0.5226130597,-0.0603015069
1597,5.97e-05,-0.542713562,-0.0562814064
1598,5.98e-05,-0.542713562,-0.0562814064
1599,5.99e-05,-0.542713562,-0.0562814064
1600,6e-05,-0.5628140643,-0.0562814064
1601,6.01e-05,-0.5628140643,-0.0562814064
1602,6.02e-05,-0.5628140643,-0.0603015069
1603,6.03e-05,-0.5829145666,-0.0562814064
1604,6.04e-05,-0.5829145666,-0.0562814064
1605,6.05e-05,-0.5829145666,-0.0562814064
1606,6.06e-05,-0.5829145666,-0.0562814064
1607,6.07e-05,-0.5829145666,-0.052261306
1608,6.08e-05,-0.6030150689,-0.0562814064
1609,6.09e-05,-0.5829145666,-0.052261306
1610,6.1e-05,-0.5829145666,-0.0603015069
1611,6.11e-05,-0.6030150689,-0.0562814064
1612,6.12e-05,-0.6030150689,-0.052261306
1613,6.13e-05,-0.6231155712,-0.052261306
1614,6.14e-05,-0.6231155712,-0.0562814064
1615,6.15e-05,-0.6231155712,-0.0562814064
1616,6.16e-05,-0.6432160735,-0.0562814064
1617,6.17e-05,-0.6231155712,-0.052261306
1618,6.18e-05,-0.6432160735,-0.052261306
1619,6.19e-05,-0.6231155712,-0.052261306
1620,6.2e-05,-0.6432160735,-0.052261306
1621,6.21e-05,-0.6432160735,-0.052261306
1622,6.22e-05,-0.6633165758,-0.052261306
1623,6.23e-05,-0.6633165758,-0.0482412055
1624,6.24e-05,-0.6633165758,-0.052261306
1625,6.25e-05,-0.6633165758,-0.0482412055
1626,6.26e-05,-0.6633165758,-0.052261306
1627,6.27e-05,-0.6834170781,-0.0482412055
1628,6.28e-05,-0.6834170781,-0.0482412055
1629,6.29e-05,-0.6834170781,-0.0482412055
1630,6.3e-05,-0.6834170781,-0.0482412055
1631,6.31e-05,-0.6834170781,-0.0482412055
1632,6.32e-05,-0.7035175804,-0.052261306
1633,6.33e-05,-0.7035175804,-0.0482412055
1634,6.34e-05,-0.7035175804,-0.0482412055
1635,6.35e-05,-0.7035175804,-0.0482412055
1636,6.36e-05,-0.7035175804,-0.0482412055
1637,6.37e-05,-0.7236180827,-0.0482412055
1638,6.38e-05,-0.7035175804,-0.0442211051
1639,6.39e-05,-0.7035175804,-0.0482412055
1640,6.4e-05,-0.7236180827,-0.0482412055
1641,6.41e-05,-0.7236180827,-0.0442211051
1642,6.42e-05,-0.7236180827,-0.0442211051
1643,6.43e-05,-0.743718585,-0.0482412055
1644,6.44e-05,-0.743718585,-0.0442211051
1645,6.45e-05,-0.743718585,-0.0442211051
1646,6.46e-05,-0.7638190873,-0.0442211051
1647,6.47e-05,-0.743718585,-0.0442211051
1648,6.48e-05,-0.743718585,-0.0442211051
1649,6.49e-05,-0.743718585,-0.0442211051
1650,6.5e-05,-0.7638190873,-0.0442211051
1651,6.51e-05,-0.7638190873,-0.0442211051
1652,6.52e-05,-0.7839195896,-0.0442211051
1653,6.53e-05,-0.7638190873,-0.0442211051
1654,6.54e-05,-0.7638190873,-0.0402010046
1655,6.55e-05,-0.7839195896,-0.0402010046
1656,6.56e-05,-0.7839195896,-0.0402010046
1657,6.57e-05,-0.7839195896,-0.0402010046
1658,6.58e-05,-0.8040200919,-0.0402010046
1659,6.59e-05,-0.7839195896,-0.0402010046
1660,6.6e-05,-0.7839195896,-0.0442211051
1661,6.61e-05,-0.8040200919,-0.0402010046
1662,6.62e-05,-0.7839195896,-0.0402010046
1663,6.63e-05,-0.8040200919,-0.0361809041
1664,6.64e-05,-0.8040200919,-0.0361809041
1665,6.65e-05,-0.8040200919,-0.0361809041
1666,6.66e-05,-0.8241205942,-0.0361809041
1667,6.67e-05,-0.8040200919,-0.0361809041
1668,6.68e-05,-0.8241205942,-0.0361809041
1669,6.69e-05,-0.8241205942,-0.0361809041
1670,6.7e-05,-0.8241205942,-0.0361809041
1671,6.71e-05,-0.8442210965,-0.0321608037
1672,6.72e-05,-0.8241205942,-0.0361809041
1673,6.73e-05,-0.8442210965,-0.0321608037
1674,6.74e-05,-0.8442210965,-0.0361809041
1675,6.75e-05,-0.8442210965,-0.0361809041
1676,6.76e-05,-0.8442210965,-0.0321608037
1677,6.77e-05,-0.8442210965,-0.0321608037
1678,6.78e-05,-0.8442210965,-0.0321608037
1679,6.79e-05,-0.8442210965,-0.0361809041
1680,6.8e-05,-0.8643215988,-0.0321608037
1681,6.81e-05,-0.8643215988,-0.0321608037
1682,6.82e-05,-0.8442210965,-0.0321608037
1683,6.83e-05,-0.8442210965,-0.0321608037
1684,6.84e-05,-0.8643215988,-0.0321608037
1685,6.85e-05,-0.8643215988,-0.0281407032
1686,6.86e-05,-0.8643215988,-0.0321608037
1687,6.87e-05,-0.8643215988,-0.0281407032
1688,6.88e-05,-0.8643215988,-0.0281407032
1689,6.89e-05,-0.8643215988,-0.0321608037
1690,6.9e-05,-0.8643215988,-0.0281407032
1691,6.91e-05,-0.8844221011,-0.0281407032
1692,6.92e-05,-0.8643215988,-0.0281407032
1693,6.93e-05,-0.8643215988,-0.0281407032
1694,6.94e-05,-0.8844221011,-0.0281407032
1695,6.95e-05,-0.8844221011,-0.0281407032
1696,6.96e-05,-0.9045226034,-0.0281407032
1697,6.97e-05,-0.8844221011,-0.0281407032
1698,6.98e-05,-0.8844221011,-0.0241206028
1699,6.99e-05,-0.8844221011,-0.0241206028
1700,7e-05,-0.9045226034,-0.0241206028
1701,7.01e-05,-0.9045226034,-0.0241206028
1702,7.02e-05,-0.9045226034,-0.0241206028
1703,7.03e-05,-0.8844221011,-0.0241206028
1704,7.04e-05,-0.9045226034,-0.0241206028
1705,7.05e-05,-0.9045226034,-0.0241206028
1706,7.06e-05,-0.9045226034,-0.0201005023
1707,7.07e-05,-0.9045226034,-0.0201005023
1708,7.08e-05,-0.9045226034,-0.0241206028
1709,7.09e-05,-0.9045226034,-0.0241206028
1710,7.1e-05,-0.9045226034,-0.0241206028
1711,7.11e-05,-0.9045226034,-0.0241206028
1712,7.12e-05,-0.9246231057,-0.0160804018
1713,7.13e-05,-0.9045226034,-0.0201005023
1714,7.14e-05,-0.9246231057,-0.0201005023
1715,7.15e-05,-0.9045226034,-0.0201005023
1716,7.16e-05,-0.9246231057,-0.0201005023
1717,7.17e-05,-0.9246231057,-0.0160804018
1718,7.18e-05,-0.9246231057,-0.0160804018
1719,7.19e-05,-0.9246231057,-0.0160804018
1720,7.2e-05,-0.9045226034,-0.0160804018
1721,7.21e-05,-0.9246231057,-0.0201005023
1722,7.22e-05,-0.9246231057,-0.0160804018
1723,7.23e-05,-0.9246231057,-0.0120603014
1724,7.24e-05,-0.9246231057,-0.0160804018
1725,7.25e-05,-0.9246231057,-0.0160804018
1726,7.26e-05,-0.9246231057,-0.0160804018
1727,7.27e-05,-0.9246231057,-0.0120603014
1728,7.28e-05,-0.944723608,-0.0160804018
1729,7.29e-05,-0.9246231057,-0.0120603014
1730,7.3e-05,-0.9246231057,-0.0080402009
1731,7.31e-05,-0.9246231057,-0.0120603014
1732,7.32e-05,-0.9246231057,-0.0080402009
1733,7.33e-05,-0.9246231057,-0.0120603014
1734,7.34e-05,-0.944723608,-0.0120603014
1735,7.35e-05,-0.9246231057,-0.0120603014
1736,7.36e-05,-0.9246231057,-0.0080402009
1737,7.37e-05,-0.9246231057,-0.0080402009
1738,7.38e-05,-0.944723608,-0.0080402009
1739,7.39e-05,-0.9246231057,-0.0080402009
1740,7.4e-05,-0.9246231057,-0.0080402009
1741,7.41e-05,-0.944723608,-0.0040201005
1742,7.42e-05,-0.944723608,-0.0080402009
1743,7.43e-05,-0.9246231057,-0.0080402009
1744,7.44e-05,-0.9246231057,-0.0040201005
1745,7.45e-05,-0.9246231057,-0.0080402009
1746,7.46e-05,-0.944723608,-0.0040201005
1747,7.47e-05,-0.944723608,-0.0040201005
1748,7.48e-05,-0.9246231057,-0.0080402009
1749,7.49e-05,-0.944723608,-0.0040201005
1750,7.5e-05,-0.944723608,-0.0040201005
1751,7.51e-05,-0.9246231057,-0.0040201005
1752,7.52e-05,-0.9246231057,-0.0040201005
1753,7.53e-05,-0.944723608,-0.0040201005
1754,7.54e-05,-0.944723608,-0.0
1755,7.55e-05,-0.9246231057,-0.0040201005
1756,7.56e-05,-0.944723608,-0.0
1757,7.57e-05,-0.944723608,-0.0
1758,7.58e-05,-0.944723608,-0.0
1759,7.59e-05,-0.944723608,-0.0
1760,7.6e-05,-0.9246231057,-0.0
1761,7.61e-05,-0.9246231057,-0.0
1762,7.62e-05,-0.9246231057,-0.0
1763,7.63e-05,-0.9246231057,-0.0
1764,7.64e-05,-0.9246231057,-0.0
1765,7.65e-05,-0.944723608,0.0
1766,7.66e-05,-0.9246231057,0.0040201005
1767,7.67e-05,-0.944723608,0.0
1768,7.68e-05,-0.9246231057,0.0040201005
1769,7.69e-05,-0.9246231057,0.0
1770,7.7e-05,-0.9246231057,0.0040201005
1771,7.71e-05,-0.9246231057,0.0080402009
1772,7.72e-05,-0.9246231057,0.0040201005
1773,7.73e-05,-0.9246231057,0.0040201005
1774,7.74e-05,-0.9246231057,0.0040201005
1775,7.75e-05,-0.9045226034,0.0080402009
1776,7.76e-05,-0.9246231057,0.0080402009
1777,7.77e-05,-0.9246231057,0.0080402009
1778,7.78e-05,-0.9246231057,0.0080402009
1779,7.79e-05,-0.9246231057,0.0040201005
1780,7.8e-05,-0.9246231057,0.0120603014
1781,7.81e-05,-0.9045226034,0.0080402009
1782,7.82e-05,-0.9045226034,0.0080402009
1783,7.83e-05,-0.9246231057,0.0080402009
1784,7.84e-05,-0.9246231057,0.0080402009
1785,7.85e-05,-0.9045226034,0.0120603014
1786,7.86e-05,-0.9045226034,0.0120603014
1787,7.87e-05,-0.9246231057,0.0120603014
1788,7.88e-05,-0.9045226034,0.0120603014
1789,7.89e-05,-0.9045226034,0.0120603014
1790,7.9e-05,-0.9045226034,0.0120603014
1791,7.91e-05,-0.8844221011,0.0120603014
1792,7.92e-05,-0.9045226034,0.0120603014
1793,7.93e-05,-0.8844221011,0.0160804018
1794,7.94e-05,-0.9045226034,0.0160804018
1795,7.95e-05,-0.8844221011,0.0160804018
1796,7.96e-05,-0.9045226034,0.0120603014
1797,7.97e-05,-0.8844221011,0.0160804018
1798,7.98e-05,-0.8844221011,0.0160804018
1799,7.99e-05,-0.8844221011,0.0201005023
1800,8e-05,-0.8844221011,0.0160804018
1801,8.01e-05,-0.8844221011,0.0201005023
1802,8.02e-05,-0.8844221011,0.0160804018
1803,8.03e-05,-0.8844221011,0.0120603014
1804,8.04e-05,-0.8844221011,0.0201005023
1805,8.05e-05,-0.8643215988,0.0160804018
1806,8.06e-05,-0.8844221011,0.0201005023
1807,8.07e-05,-0.8643215988,0.0201005023
1808,8.08e-05,-0.8643215988,0.0201005023
1809,8.09e-05,-0.8643215988,0.0201005023
1810,8.1e-05,-0.8643215988,0.0201005023
1811,8.11e-05,-0.8643215988,0.0201005023
1812,8.12e-05,-0.8643215988,0.0201005023
1813,8.13e-05,-0.8643215988,0.0201005023
1814,8.14e-05,-0.8643215988,0.0241206028
1815,8.15e-05,-0.8442210965,0.0241206028
1816,8.16e-05,-0.8442210965,0.0201005023
1817,8.17e-05,-0.8442210965,0.0241206028
1818,8.18e-05,-0.8442210965,0.0241206028
1819,8.19e-05,-0.8442210965,0.0241206028
1820,8.2e-05,-0.8442210965,0.0241206028
1821,8.21e-05,-0.8442210965,0.0241206028
1822,8.22e-05,-0.8442210965,0.0241206028
1823,8.23e-05,-0.8241205942,0.0241206028
1824,8.24e-05,-0.8442210965,0.0241206028
1825,8.25e-05,-0.8241205942,0.0241206028
1826,8.26e-05,-0.8241205942,0.0241206028
1827,8.27e-05,-0.8241205942,0.0241206028
1828,8.28e-05,-0.8241205942,0.0281407032
1829,8.29e-05,-0.8241205942,0.0281407032
1830,8.3e-05,-0.8040200919,0.0321608037
1831,8.31e-05,-0.8040200919,0.0281407032
1832,8.32e-05,-0.8040200919,0.0281407032
1833,8.33e-05,-0.8241205942,0.0281407032
1834,8.34e-05,-0.7839195896,0.0281407032
1835,8.35e-05,-0.7839195896,0.0281407032
1836,8.36e-05,-0.8040200919,0.0321608037
1837,8.37e-05,-0.8040200919,0.0321608037
1838,8.38e-05,-0.7839195896,0.0321608037
1839,8.39e-05,-0.7839195896,0.0361809041
1840,8.4e-05,-0.7839195896,0.0321608037
1841,8.41e-05,-0.7638190873,0.0321608037
1842,8.42e-05,-0.7839195896,0.0281407032
1843,8.43e-05,-0.7839195896,0.0321608037
1844,8.44e-05,-0.7638190873,0.0321608037
1845,8.45e-05,-0.743718585,0.0361809041
1846,8.46e-05,-0.7638190873,0.0361809041
1847,8.47e-05,-0.743718585,0.0361809041
1848,8.48e-05,-0.743718585,0.0321608037
1849,8.49e-05,-0.743718585,0.0361809041
1850,8.5e-05,-0.743718585,0.0361809041
1851,8.51e-05,-0.743718585,0.0361809041
1852,8.52e-05,-0.743718585,0.0361809041
1853,8.53e-05,-0.743718585,0.0361809041
1854,8.54e-05,-0.743718585,0.0402010046
1855,8.55e-05,-0.7236180827,0.0402010046
1856,8.56e-05,-0.7236180827,0.0361809041
1857,8.57e-05,-0.7236180827,0.0402010046
1858,8.58e-05,-0.7035175804,0.0402010046
1859,8.59e-05,-0.7035175804,0.0402010046
1860,8.6e-05,-0.7035175804,0.0402010046
1861,8.61e-05,-0.6834170781,0.0402010046
1862,8.62e-05,-0.7035175804,0.0402010046
1863,8.63e-05,-0.7035175804,0.0402010046
1864,8.64e-05,-0.6834170781,0.0402010046
1865,8.65e-05,-0.7035175804,0.0442211051
1866,8.66e-05,-0.6834170781,0.0442211051
1867,8.67e-05,-0.6834170781,0.0442211051
1868,8.68e-05,-0.6834170781,0.0442211051
1869,8.69e-05,-0.6834170781,0.0442211051
1870,8.7e-05,-0.6834170781,0.0442211051
1871,8.71e-05,-0.6834170781,0.0442211051
1872,8.72e-05,-0.6633165758,0.0442211051
1873,8.73e-05,-0.6633165758,0.0442211051
1874,8.74e-05,-0.6633165758,0.0442211051
1875,8.75e-05,-0.6432160735,0.0482412055
1876,8.76e-05,-0.6432160735,0.0482412055
1877,8.77e-05,-0.6432160735,0.0442211051
1878,8.78e-05,-0.6231155712,0.0442211051
1879,8.79e-05,-0.6231155712,0.0482412055
1880,8.8e-05,-0.6231155712,0.0482412055
1881,8.81e-05,-0.6030150689,0.0442211051
1882,8.82e-05,-0.6231155712,0.0482412055
1883,8.83e-05,-0.6030150689,0.0482412055
1884,8.84e-05,-0.6231155712,0.0482412055
1885,8.85e-05,-0.6231155712,0.0482412055
1886,8.86e-05,-0.6030150689,0.0442211051
1887,8.87e-05,-0.6030150689,0.0482412055
1888,8.88e-05,-0.6030150689,0.052261306
1889,8.89e-05,-0.6030150689,0.052261306
1890,8.9e-05,-0.5628140643,0.0482412055
1891,8.91e-05,-0.5829145666,0.052261306
1892,8.92e-05,-0.5829145666,0.0482412055
1893,8.93e-05,-0.5829145666,0.0482412055
1894,8.94e-05,-0.5628140643,0.052261306
1895,8.95e-05,-0.5628140643,0.052261306
1896,8.96e-05,-0.5628140643,0.052261306
1897,8.97e-05,-0.542713562,0.052261306
1898,8.98e-05,-0.542713562,0.052261306
1899,8.99e-05,-0.542713562,0.052261306
1900,9e-05,-0.542713562,0.052261306
1901,9.01e-05,-0.5226130597,0.052261306
1902,9.02e-05,-0.5226130597,0.052261306
1903,9.03e-05,-0.5226130597,0.0562814064
1904,9.04e-05,-0.5226130597,0.052261306
1905,9.05e-05,-0.5226130597,0.0562814064
1906,9.06e-05,-0.5025125574,0.052261306
1907,9.07e-05,-0.5025125574,0.0562814064
1908,9.08e-05,-0.5025125574,0.052261306
1909,9.09e-05,-0.4824120551,0.0603015069
1910,9.1e-05,-0.4824120551,0.052261306
1911,9.11e-05,-0.4824120551,0.0562814064
1912,9.12e-05,-0.4623115528,0.0562814064
1913,9.13e-05,-0.4623115528,0.0562814064
1914,9.14e-05,-0.4623115528,0.0562814064
1915,9.15e-05,-0.4422110506,0.0562814064
1916,9.16e-05,-0.4422110505,0.0562814064
1917,9.17e-05,-0.4422110505,0.0562814064
1918,9.18e-05,-0.4422110505,0.0562814064
1919,9.19e-05,-0.4221105483,0.0562814064
1920,9.2e-05,-0.4221105482,0.0603015069
1921,9.21e-05,-0.4221105483,0.0603015069
1922,9.22e-05,-0.4221105482,0.0562814064
1923,9.23e-05,-0.4221105482,0.0562814064
1924,9.24e-05,-0.402010046,0.0562814064
1925,9.25e-05,-0.4020100459,0.0562814064
1926,9.26e-05,-0.4020100459,0.0603015069
1927,9.27e-05,-0.4020100459,0.0562814064
1928,9.28e-05,-0.4020100459,0.0643216073
1929,9.29e-05,-0.3819095436,0.0562814064
1930,9.3e-05,-0.3819095436,0.0603015069
1931,9.31e-05,-0.3618090414,0.0603015069
1932,9.32e-05,-0.3618090414,0.0603015069
1933,9.33e-05,-0.3618090414,0.0603015069
1934,9.34e-05,-0.3618090413,0.0603015069
1935,9.35e-05,-0.3417085391,0.0603015069
1936,9.36e-05,-0.3417085391,0.0603015069
1937,9.37e-05,-0.3417085391,0.0603015069
1938,9.38e-05,-0.341708539,0.0603015069
1939,9.39e-05,-0.3417085391,0.0603015069
1940,9.4e-05,-0.3216080368,0.0603015069
1941,9.41e-05,-0.3216080368,0.0643216073
1942,9.42e-05,-0.3015075345,0.0603015069
1943,9.43e-05,-0.3216080368,0.0643216074
1944,9.44e-05,-0.3015075345,0.0643216074
1945,9.45e-05,-0.3015075345,0.0683417078
1946,9.46e-05,-0.3015075345,0.0643216073
1947,9.47e-05,-0.2814070322,0.0643216073
1948,9.48e-05,-0.2814070322,0.0643216074
1949,9.49e-05,-0.2613065299,0.0643216074
1950,9.5e-05,-0.2613065299,0.0643216074
1951,9.51e-05,-0.2613065299,0.0643216074
1952,9.52e-05,-0.2613065299,0.0643216074
1953,9.53e-05,-0.2613065299,0.0643216074
1954,9.54e-05,-0.2211055253,0.0643216074
1955,9.55e-05,-0.2211055253,0.0643216074
1956,9.56e-05,-0.2211055253,0.0643216074
1957,9.57e-05,-0.2211055253,0.0643216074
1958,9.58e-05,-0.2211055253,0.0683417078
1959,9.59e-05,-0.201005023,0.0683417078
1960,9.6e-05,-0.2211055253,0.0643216074
1961,9.61e-05,-0.1809045207,0.0643216074
1962,9.62e-05,-0.201005023,0.0643216074
1963,9.63e-05,-0.1809045207,0.0643216074
1964,9.64e-05,-0.1809045207,0.0643216074
1965,9.65e-05,-0.1809045207,0.0683417078
1966,9.66e-05,-0.1809045207,0.0643216074
1967,9.67e-05,-0.1608040184,0.0643216074
1968,9.68e-05,-0.1809045207,0.0643216074
1969,9.69e-05,-0.1608040184,0.0643216074
1970,9.7e-05,-0.1407035161,0.0643216074
1971,9.71e-05,-0.1407035161,0.0643216074
1972,9.72e-05,-0.1407035161,0.0643216074
1973,9.73e-05,-0.1407035161,0.0683417078
1974,9.74e-05,-0.1407035161,0.0643216074
1975,9.75e-05,-0.1206030138,0.0643216074
1976,9.76e-05,-0.1005025115,0.0683417078
1977,9.77e-05,-0.1005025115,0.0683417078
1978,9.78e-05,-0.1206030138,0.0683417078
1979,9.79e-05,-0.1005025115,0.0683417078
1980,9.8e-05,-0.1005025115,0.0643216074
1981,9.81e-05,-0.0804020092,0.0683417078
1982,9.82e-05,-0.0804020092,0.0643216074
1983,9.83e-05,-0.0804020092,0.0683417078
1984,9.84e-05,-0.0603015069,0.0683417078
1985,9.85e-05,-0.0603015069,0.0683417078
1986,9.86e-05,-0.0603015069,0.0683417078
1987,9.87e-05,-0.0402010046,0.0683417078
1988,9.88e-05,-0.0402010046,0.0683417078
1989,9.89e-05,-0.0402010046,0.0683417078
1990,9.9e-05,-0.0402010046,0.0683417078
1991,9.91e-05,-0.0402010046,0.0683417078
1992,9.92e-05,-0.0201005023,0.0723618083
1993,9.93e-05,-0.0,0.0683417078
1994,9.94e-05,-0.0201005023,0.0683417078
1995,9.95e-05,-0.0,0.0683417078
1996,9.96e-05,0.0,0.0683417078
1997,9.97e-05,0.0201005023,0.0723618083
1998,9.98e-05,0.0201005023,0.0683417078
1999,9.99e-05,0.0201005023,0.0683417078
